date,sp500_open,sp500_high,sp500_low,sp500_close,sp500_volume,vix_open,vix_high,vix_low,vix_close,vix_adj_close
2017-02-03,533.45,540.25,532.28,538.04,29.389999,29.950001,28.049999,28.110001,000,28.110001
2017-02-02,530.33,534.28,527.13,533.45,30.65,32.790001,29.23,29.389999,000,29.389999
2017-02-01,534.34,538.21,527.33,530.33,31.58,32.490002,28.90,30.65,000,30.65
2017-01-31,534.86,536.09,529.13,534.34,30.940001,31.559999,29.98,31.33,000,31.33
2017-01-30,544.42,544.42,531.39,534.86,29.780001,31.84,29.780001,30.940001,000,30.940001
2017-01-27,549.61,549.61,542.73,544.42,29.59,31.379999,29.059999,29.780001,000,29.780001
2017-01-26,549.68,551.97,548.76,549.61,30.59,30.59,29.219999,29.59,000,29.59
2017-01-25,546.61,551.53,546.61,549.68,35.990002,35.990002,30.110001,30.41,000,30.41
2017-01-24,541.29,549.14,541.29,546.61,30.790001,30.790001,29.209999,29.59,000,29.59
2017-01-23,547.41,547.41,539.08,541.29,29.190001,32.310001,29.190001,30.790001,000,30.790001
2017-01-20,544.55,550.11,544.55,547.41,30.879999,30.879999,29.190001,29.190001,000,29.190001
2017-01-19,548.53,548.53,543.62,544.55,31.440001,32.23,30.879999,30.879999,000,30.879999
2017-01-18,550.39,550.39,546.67,548.53,31.25,32.259998,30.719999,31.24,000,31.24
2017-01-17,546.96,551.62,546.96,550.39,30.33,31.379999,29.469999,31.25,000,31.25
2017-01-13,548.0,548.77,545.58,546.96,32.419998,33.290001,30.35,30.73,000,30.73
2017-01-12,550.65,552.96,546.02,548.0,41.82,42.41,32.139999,32.369999,000,32.369999
2017-01-11,544.11,551.34,544.01,550.65,33.610001,35.52,32.740002,32.950001,000,32.950001
2017-01-10,549.33,550.38,544.01,544.11,33.73,34.330002,32.610001,33.610001,000,33.610001
2017-01-09,557.57,557.57,548.77,549.33,31.99,33.919998,31.73,33.73,000,33.73
2017-01-06,557.48,559.05,553.89,557.57,31.629999,32.860001,30.32,30.469999,000,30.469999
2017-01-05,559.3,561.77,554.92,557.48,32.360001,32.669998,31.01,31.559999,000,31.559999
2017-01-04,560.9,561.94,557.67,559.3,34.16,34.16,31.93,32.360001,000,32.360001
2017-01-03,554.5,564.8,554.5,560.9,33.09,33.98,30.15,32.880001,000,32.880001
2016-12-30,556.03,558.62,553.12,554.5,34.279999,38.540001,30.00,30.83,000,30.83
2016-12-29,557.38,558.09,554.59,556.03,30.469999,30.83,29.440001,30.01,000,30.01
2016-12-28,562.88,563.96,556.91,557.38,30.00,30.290001,29.610001,29.91,000,29.91
2016-12-27,561.56,564.8,561.56,562.88,29.90,31.34,29.50,30.00,000,30.00
2016-12-23,562.68,562.68,560.53,561.56,30.870001,30.98,29.200001,29.90,000,29.90
2016-12-22,560.15,563.68,559.24,562.68,28.389999,39.610001,28.389999,30.290001,000,30.290001
2016-12-21,559.24,562.72,558.82,560.15,29.040001,33.389999,28.15,28.389999,000,28.389999
2016-12-20,560.42,563.82,558.04,559.24,30.16,30.530001,27.33,27.43,000,27.43
2016-12-19,563.18,563.72,559.36,560.42,31.610001,31.76,28.32,29.23,000,29.23
2016-12-16,560.03,563.7,560.03,563.18,34.540001,34.540001,28.99,29.18,000,29.18
2016-12-15,557.75,561.54,552.85,560.03,33.099998,34.759998,32.43,33.580002,000,33.580002
2016-12-14,569.85,569.85,556.61,557.75,31.35,36.700001,29.549999,33.970001,000,33.970001
2016-12-13,562.73,573.7,562.31,569.85,31.299999,33.25,30.43,31.35,000,31.35
2016-12-12,558.71,572.49,558.71,562.73,35.209999,35.209999,28.940001,30.299999,000,30.299999
2016-12-09,556.42,559.08,555.43,558.71,34.34,35.41,33.490002,35.209999,000,35.209999
2016-12-08,553.78,557.33,550.95,556.42,35.790001,36.240002,34.900002,35.029999,000,35.029999
2016-12-07,550.11,553.93,548.46,553.78,37.110001,37.790001,35.32,36.049999,000,36.049999
2016-12-06,550.67,551.77,544.05,550.11,37.00,43.560001,36.220001,37.110001,000,37.110001
2016-12-05,546.74,555.1,546.74,550.67,35.509998,37.560001,35.509998,37.00,000,37.00
2016-12-02,546.15,549.64,543.53,546.74,40.450001,40.450001,35.18,35.509998,000,35.509998
2016-12-01,544.67,555.92,544.67,546.15,42.470001,42.549999,39.509998,40.450001,000,40.450001
2016-11-30,519.64,549.42,519.64,544.67,55.09,55.09,42.130001,44.25,000,44.25
2016-11-29,525.71,525.71,514.43,519.64,55.099998,55.700001,53.869999,55.09,000,55.09
2016-11-28,532.69,534.81,525.04,525.71,53.459999,53.889999,51.099998,52.560001,000,52.560001
2016-11-25,534.79,534.79,529.7,532.69,47.540001,53.709999,47.540001,53.459999,000,53.459999
2016-11-23,532.41,536.19,529.89,534.79,47.150002,47.84,46.73,47.540001,000,47.540001
2016-11-22,532.48,535.49,526.22,532.41,48.400002,48.580002,45.830002,46.689999,000,46.689999
2016-11-21,521.02,533.42,521.02,532.48,46.450001,47.369999,45.610001,45.709999,000,45.709999
2016-11-18,518.63,523.49,517.95,521.02,47.48,47.970001,46.43,46.560001,000,46.560001
2016-11-17,522.16,529.35,517.38,518.63,50.09,50.23,47.349998,47.369999,000,47.369999
2016-11-16,526.77,527.81,520.8,522.16,49.43,53.82,48.50,50.09,000,50.09
2016-11-15,513.0,526.97,513.0,526.77,50.279999,50.939999,47.450001,49.43,000,49.43
2016-11-14,511.21,513.27,506.08,513.0,45.310001,50.919998,45.310001,50.169998,000,50.169998
2016-11-11,519.83,519.83,507.41,511.21,42.439999,45.889999,42.439999,45.310001,000,45.310001
2016-11-10,518.23,524.06,516.32,519.83,43.470001,43.810001,40.860001,42.439999,000,42.439999
2016-11-09,510.49,521.66,506.97,518.23,43.560001,43.560001,40.959999,41.25,000,41.25
2016-11-08,510.58,513.31,506.69,510.49,44.150002,44.720001,43.150002,43.560001,000,43.560001
2016-11-07,499.68,510.67,499.68,510.58,43.689999,45.360001,43.299999,44.200001,000,44.200001
2016-11-04,502.11,504.02,496.83,499.68,43.990002,45.380001,43.509998,43.689999,000,43.689999
2016-11-03,500.26,503.29,498.03,502.11,40.860001,42.119999,39.889999,41.490002,000,41.490002
2016-11-02,505.37,505.37,494.68,500.26,40.080002,45.509998,40.080002,40.860001,000,40.860001
2016-11-01,504.89,510.02,499.98,505.37,40.52,41.00,39.59,40.080002,000,40.080002
2016-10-31,510.77,511.15,504.01,504.89,37.759998,41.900002,37.759998,40.959999,000,40.959999
2016-10-28,513.05,518.78,507.97,510.77,35.860001,38.009998,35.689999,37.759998,000,37.759998
2016-10-27,514.75,517.72,512.85,513.05,35.389999,36.369999,35.380001,35.860001,000,35.860001
2016-10-26,513.29,516.91,508.57,514.75,33.93,37.700001,33.18,35.389999,000,35.389999
2016-10-25,516.01,521.13,512.93,513.29,33.790001,34.439999,33.189999,33.93,000,33.93
2016-10-24,516.84,518.68,510.51,516.01,32.509998,34.59,32.509998,32.790001,000,32.790001
2016-10-21,520.41,520.41,513.54,516.84,34.189999,34.380001,32.369999,32.509998,000,32.509998
2016-10-20,520.89,522.2,515.22,520.41,32.720001,34.099998,32.419998,32.48,000,32.48
2016-10-19,513.9,524.74,513.9,520.89,36.369999,37.299999,29.879999,32.720001,000,32.720001
2016-10-18,512.0,516.55,511.73,513.9,34.779999,38.389999,33.740002,36.369999,000,36.369999
2016-10-17,514.27,515.62,509.45,512.0,37.669998,37.669998,34.330002,34.880001,000,34.880001
2016-10-14,516.39,521.22,513.74,514.27,37.220001,37.389999,35.119999,35.549999,000,35.549999
2016-10-13,519.82,519.82,509.96,516.39,40.560001,40.560001,37.110001,37.220001,000,37.220001
2016-10-12,521.96,521.96,515.79,519.82,38.080002,39.07,37.709999,39.049999,000,39.049999
2016-10-11,528.11,528.11,519.75,521.96,36.57,38.240002,36.57,38.080002,000,38.080002
2016-10-10,520.28,530.12,520.28,528.11,36.599998,37.82,36.349998,36.57,000,36.57
2016-10-07,522.67,524.9,518.74,520.28,37.889999,37.889999,36.119999,36.599998,000,36.599998
2016-10-06,521.79,524.94,518.13,522.67,36.650002,39.259998,35.919998,35.919998,000,35.919998
2016-10-05,514.55,523.94,514.55,521.79,37.009998,38.849998,35.720001,36.650002,000,36.650002
2016-10-04,519.53,521.45,512.44,514.55,37.450001,37.869999,36.380001,37.66,000,37.66
2016-10-03,520.35,520.98,515.75,519.53,41.419998,41.689999,37.470001,38.040001,000,38.040001
2016-09-30,513.68,523.0,513.68,520.35,42.049999,42.049999,39.130001,39.310001,000,39.310001
2016-09-29,514.12,518.55,509.19,513.68,45.240002,45.240002,41.48,42.049999,000,42.049999
2016-09-28,492.72,514.8,491.74,514.12,43.380001,45.310001,42.099998,45.240002,000,45.240002
2016-09-27,495.0,495.0,487.1,492.72,44.900002,46.98,43.860001,43.880001,000,43.880001
2016-09-26,497.27,501.64,494.49,495.0,46.02,46.509998,44.580002,44.900002,000,44.900002
2016-09-23,503.62,505.63,494.79,497.27,41.57,44.889999,41.57,43.889999,000,43.889999
2016-09-22,502.53,509.7,502.53,503.62,39.700001,42.040001,38.630001,41.57,000,41.57
2016-09-21,492.1,502.72,492.1,502.53,40.990002,43.490002,39.34,39.849998,000,39.849998
2016-09-20,496.19,498.61,492.08,492.1,39.66,42.900002,39.66,40.990002,000,40.990002
2016-09-19,496.79,501.61,496.1,496.19,40.389999,40.759998,39.23,39.66,000,39.66
2016-09-16,501.07,501.07,494.46,496.79,41.740002,42.139999,39.860001,39.860001,000,39.860001
2016-09-15,495.65,504.56,495.65,501.07,42.470001,42.470001,39.810001,40.900002,000,40.900002
2016-09-14,501.41,506.09,494.06,495.65,41.099998,44.57,40.32,42.470001,000,42.470001
2016-09-13,516.18,516.18,500.05,501.41,39.959999,41.32,39.439999,41.099998,000,41.099998
2016-09-12,511.68,518.47,507.47,516.18,41.990002,42.450001,38.900002,39.16,000,39.16
2016-09-09,526.42,526.42,511.68,511.68,39.700001,40.00,38.639999,39.720001,000,39.720001
2016-09-08,517.78,527.42,517.78,526.42,38.450001,39.330002,38.060001,38.209999,000,38.209999
2016-09-07,516.07,518.82,515.22,517.78,39.849998,39.849998,38.220001,38.630001,000,38.630001
2016-09-06,508.35,516.45,508.35,516.07,38.639999,41.560001,38.639999,39.849998,000,39.849998
2016-09-02,504.11,510.03,504.11,508.35,40.380001,40.91,38.189999,38.639999,000,38.639999
2016-09-01,505.45,505.45,499.95,504.11,39.50,41.889999,39.50,41.220001,000,41.220001
2016-08-31,512.47,512.47,502.23,505.45,38.029999,39.869999,37.279999,39.50,000,39.50
2016-08-30,514.62,517.66,511.03,512.47,36.720001,38.150002,36.25,38.029999,000,38.029999
2016-08-29,511.22,515.06,510.07,514.62,36.049999,37.970001,36.049999,36.720001,000,36.720001
2016-08-26,512.96,517.69,509.11,511.22,36.259998,36.700001,35.200001,36.049999,000,36.049999
2016-08-25,514.46,515.06,511.45,512.96,37.459999,38.169998,36.630001,36.759998,000,36.759998
2016-08-24,515.85,516.73,513.27,514.46,37.529999,38.330002,36.00,37.459999,000,37.459999
2016-08-23,513.59,517.26,513.36,515.85,36.41,37.59,35.98,37.529999,000,37.529999
2016-08-22,518.15,518.15,510.27,513.59,34.880001,37.25,34.880001,36.41,000,36.41
2016-08-19,522.44,522.44,516.59,518.15,36.75,36.75,34.779999,34.880001,000,34.880001
2016-08-18,513.29,522.44,513.29,522.44,35.119999,36.880001,34.389999,36.75,000,36.75
2016-08-17,512.22,513.6,508.85,513.29,37.450001,37.759998,35.029999,35.119999,000,35.119999
2016-08-16,511.14,513.91,507.82,512.22,37.279999,37.740002,36.400002,37.450001,000,37.450001
2016-08-15,508.16,512.7,508.16,511.14,37.779999,39.09,37.029999,37.279999,000,37.279999
2016-08-12,504.87,509.47,504.87,508.16,39.290001,39.290001,37.779999,37.779999,000,37.779999
2016-08-11,498.38,507.26,498.38,504.87,40.279999,40.279999,38.049999,39.290001,000,39.290001
2016-08-10,505.52,506.73,497.36,498.38,39.880001,40.599998,38.580002,39.32,000,39.32
2016-08-09,508.05,509.29,503.68,505.52,41.139999,41.18,39.720001,39.759998,000,39.759998
2016-08-08,501.99,511.01,501.99,508.05,41.75,42.650002,40.91,41.139999,000,41.139999
2016-08-05,497.71,502.1,496.91,501.92,42.740002,43.380001,41.25,41.50,000,41.50
2016-08-04,498.47,500.7,495.11,497.71,44.880001,44.950001,42.630001,43.099998,000,43.099998
2016-08-03,489.84,498.47,488.22,498.47,45.700001,48.299999,44.02,44.639999,000,44.639999
2016-08-02,485.5,492.23,481.57,489.84,44.220001,47.029999,42.93,45.700001,000,45.700001
2016-08-01,502.23,502.23,484.05,485.5,41.080002,44.50,41.080002,44.220001,000,44.220001
2016-07-29,498.63,502.57,489.18,502.23,42.900002,43.759998,41.080002,41.080002,000,41.080002
2016-07-28,499.44,500.99,495.34,498.63,41.599998,43.220001,41.560001,42.93,000,42.93
2016-07-27,504.65,508.28,497.87,499.44,41.27,42.18,37.560001,41.599998,000,41.599998
2016-07-26,502.6,504.99,499.36,504.65,41.360001,42.200001,41.07,41.27,000,41.27
2016-07-25,512.82,512.82,500.99,502.6,41.330002,41.650002,40.709999,40.970001,000,40.970001
2016-07-22,511.11,513.47,510.03,512.82,38.130001,39.32,37.970001,38.849998,000,38.849998
2016-07-21,515.76,518.54,509.75,511.11,37.91,38.380001,36.490002,38.130001,000,38.130001
2016-07-20,516.63,517.98,510.88,515.76,37.939999,42.02,36.470001,37.02,000,37.02
2016-07-19,519.33,519.33,515.01,516.63,38.150002,38.18,36.560001,37.200001,000,37.200001
2016-07-18,519.62,519.62,514.91,519.33,39.09,39.240002,37.810001,38.150002,000,38.150002
2016-07-15,519.75,522.51,517.69,519.62,38.040001,38.25,36.50,36.66,000,36.66
2016-07-14,517.63,522.16,517.63,519.75,41.389999,41.389999,38.189999,38.299999,000,38.299999
2016-07-13,521.33,522.24,512.83,517.63,40.459999,43.240002,39.740002,43.099998,000,43.099998
2016-07-12,509.84,523.21,509.84,521.33,42.509998,42.509998,39.07,39.669998,000,39.669998
2016-07-11,509.01,513.61,509.01,509.84,42.599998,43.080002,41.540001,42.509998,000,42.509998
2016-07-08,502.53,510.19,502.53,509.01,43.240002,43.439999,41.209999,41.41,000,41.41
2016-07-07,507.85,512.73,499.16,502.53,40.209999,58.41,39.049999,43.240002,000,43.240002
2016-07-06,505.04,508.03,499.17,507.85,39.32,41.73,39.32,41.43,000,41.43
2016-07-05,514.79,514.79,500.12,505.04,36.18,40.830002,36.18,40.080002,000,40.080002
2016-07-01,512.39,515.92,511.71,514.79,38.09,38.09,36.18,36.18,000,36.18
2016-06-30,507.93,512.62,505.12,512.39,38.290001,39.389999,37.700001,38.09,000,38.09
2016-06-29,497.86,510.49,497.86,507.93,40.18,42.57,37.119999,38.290001,000,38.290001
2016-06-28,485.07,497.86,485.07,497.86,42.459999,42.459999,39.98,40.18,000,40.18
2016-06-27,497.72,497.72,481.34,485.07,43.330002,44.709999,42.73,42.849998,000,42.849998
2016-06-24,515.84,515.84,495.93,497.72,40.099998,43.790001,40.099998,43.330002,000,43.330002
2016-06-23,507.41,515.84,507.41,515.84,40.349998,41.080002,39.939999,40.099998,000,40.099998
2016-06-22,510.44,512.59,507.13,507.41,40.369999,43.950001,39.93,43.25,000,43.25
2016-06-21,505.1,511.47,502.49,510.44,38.990002,40.84,38.990002,40.369999,000,40.369999
2016-06-20,500.82,508.92,500.82,505.1,41.349998,41.91,38.82,38.990002,000,38.990002
2016-06-17,496.65,501.75,496.65,500.82,44.490002,44.490002,40.689999,41.349998,000,41.349998
2016-06-16,497.71,497.71,486.8,496.65,42.580002,45.93,42.220001,44.490002,000,44.490002
2016-06-15,499.38,503.48,494.9,497.71,43.07,44.73,39.919998,42.580002,000,42.580002
2016-06-14,499.63,501.17,494.26,499.38,42.720001,44.139999,42.720001,43.07,000,43.07
2016-06-13,501.15,506.04,497.99,499.63,39.950001,42.720001,39.950001,42.720001,000,42.720001
2016-06-10,511.3,511.3,499.85,501.15,37.439999,40.119999,37.02,39.950001,000,39.950001
2016-06-09,513.89,513.89,508.21,511.3,35.169998,36.849998,35.169998,35.900002,000,35.900002
2016-06-08,514.93,519.84,512.68,513.89,36.189999,37.360001,35.139999,35.169998,000,35.169998
2016-06-07,504.16,516.24,504.16,514.93,35.610001,36.689999,35.18,36.189999,000,36.189999
2016-06-06,494.31,504.41,494.31,504.16,34.810001,36.34,34.810001,35.610001,000,35.610001
2016-06-03,495.71,497.84,491.0,494.31,36.169998,36.610001,34.759998,34.810001,000,34.810001
2016-06-02,497.3,497.3,490.51,495.71,40.00,40.00,36.119999,36.639999,000,36.639999
2016-06-01,496.54,497.99,490.52,497.3,38.619999,40.150002,38.130001,40.00,000,40.00
2016-05-31,499.38,503.75,494.47,496.54,35.970001,38.290001,35.970001,38.080002,000,38.080002
2016-05-27,499.14,499.45,494.57,499.38,37.369999,37.369999,35.75,35.970001,000,35.970001
2016-05-26,501.19,504.98,497.58,499.14,37.970001,37.970001,36.23,36.560001,000,36.560001
2016-05-25,493.74,501.86,493.74,501.19,38.02,40.470001,35.900002,35.939999,000,35.939999
2016-05-24,491.28,496.46,491.28,493.74,39.740002,39.880001,37.959999,38.02,000,38.02
2016-05-23,492.5,493.27,487.97,491.28,40.169998,42.029999,39.380001,39.439999,000,39.439999
2016-05-20,490.43,493.92,488.96,492.5,42.18,42.380001,40.060001,40.169998,000,40.169998
2016-05-19,489.21,491.03,480.76,490.43,42.869999,46.59,42.310001,42.400002,000,42.400002
2016-05-18,493.96,494.97,486.35,489.21,42.75,43.849998,41.849998,42.869999,000,42.869999
2016-05-17,492.84,497.58,490.58,493.96,42.869999,43.240002,41.830002,42.75,000,42.75
2016-05-16,485.15,494.25,485.15,492.84,41.57,43.07,41.57,42.029999,000,42.029999
2016-05-13,491.27,492.27,484.19,485.15,43.299999,43.299999,40.950001,41.57,000,41.57
2016-05-12,489.3,497.02,487.98,491.27,42.110001,42.75,41.50,41.50,000,41.50
2016-05-11,489.96,493.59,483.93,489.3,42.279999,44.73,41.470001,42.02,000,42.02
2016-05-10,481.52,489.99,481.52,489.96,44.139999,44.439999,42.169998,42.279999,000,42.279999
2016-05-09,487.59,487.59,475.43,481.52,43.779999,44.630001,43.59,44.139999,000,44.139999
2016-05-06,488.53,492.91,485.06,487.59,44.82,44.82,42.470001,42.470001,000,42.470001
2016-05-05,484.94,495.28,484.53,488.53,44.869999,45.459999,44.48,44.82,000,44.82
2016-05-04,491.33,494.87,482.63,484.94,45.779999,46.040001,41.799999,44.759998,000,44.759998
2016-05-03,502.57,502.57,488.49,491.33,45.790001,46.049999,45.23,45.779999,000,45.779999
2016-05-02,502.42,504.11,496.73,502.57,42.52,45.540001,42.52,45.150002,000,45.150002
2016-04-29,502.92,509.34,495.82,502.42,42.84,43.919998,41.860001,42.52,000,42.52
2016-04-28,509.79,511.41,501.14,502.92,43.639999,44.189999,42.509998,42.84,000,42.84
2016-04-27,501.47,511.16,501.47,509.79,43.509998,44.759998,42.919998,43.639999,000,43.639999
2016-04-26,494.56,501.76,494.56,501.47,44.240002,44.240002,43.310001,43.509998,000,43.509998
2016-04-25,499.96,499.96,490.96,494.56,43.82,44.290001,42.779999,44.240002,000,44.240002
2016-04-22,493.4,501.27,493.4,499.96,44.23,44.32,41.970001,41.970001,000,41.970001
2016-04-21,495.84,499.02,492.42,493.4,44.080002,44.66,43.009998,43.759998,000,43.759998
2016-04-20,491.88,499.62,488.12,495.84,43.93,46.400002,42.130001,43.669998,000,43.669998
2016-04-19,482.79,491.88,482.75,491.88,44.650002,44.970001,43.68,43.93,000,43.93
2016-04-18,475.25,483.37,467.69,482.79,51.27,52.029999,46.060001,46.450001,000,46.450001
2016-04-15,481.31,481.31,474.56,475.25,48.799999,51.799999,48.02,51.27,000,51.27
2016-04-14,479.3,481.59,477.92,481.31,48.790001,49.470001,46.220001,46.369999,000,46.369999
2016-04-13,477.34,480.42,473.97,479.3,48.82,49.860001,47.73,48.790001,000,48.790001
2016-04-12,464.17,479.42,464.17,477.34,49.040001,49.669998,45.52,48.779999,000,48.779999
2016-04-11,466.03,470.58,464.17,464.17,47.419998,49.68,47.419998,49.040001,000,49.040001
2016-04-08,456.8,467.87,456.8,466.03,46.50,47.66,45.220001,47.419998,000,47.419998
2016-04-07,459.62,460.45,453.49,456.8,46.16,47.080002,46.060001,46.50,000,46.50
2016-04-06,450.16,460.1,450.16,459.62,50.16,50.16,45.209999,46.16,000,46.16
2016-04-05,453.67,453.67,448.88,450.16,51.060001,51.68,49.869999,50.16,000,50.16
2016-04-04,456.0,460.26,452.28,453.67,47.759998,51.16,47.759998,50.889999,000,50.889999
2016-04-01,462.41,462.41,453.3,456.0,47.139999,47.91,46.970001,47.759998,000,47.759998
2016-03-31,463.14,466.63,460.66,462.41,46.490002,46.82,45.830002,45.91,000,45.91
2016-03-30,461.87,467.72,460.65,463.14,46.630001,46.630001,42.77,46.380001,000,46.380001
2016-03-29,460.26,462.24,452.55,461.87,45.98,48.349998,45.98,46.630001,000,46.630001
2016-03-28,461.84,462.63,457.15,460.26,44.959999,46.93,44.959999,45.98,000,45.98
2016-03-24,459.58,461.86,452.39,461.84,46.330002,47.029999,44.439999,44.959999,000,44.959999
2016-03-23,469.44,469.44,459.21,459.58,44.119999,45.700001,44.009998,44.580002,000,44.580002
2016-03-22,470.98,473.12,467.59,469.44,45.09,45.259998,44.080002,44.119999,000,44.119999
2016-03-21,473.35,474.54,467.16,470.98,44.98,48.310001,44.369999,45.09,000,45.09
2016-03-18,472.43,476.0,469.3,473.35,46.220001,46.669998,44.98,44.98,000,44.98
2016-03-17,465.75,476.1,465.52,472.43,44.639999,46.310001,44.639999,46.220001,000,46.220001
2016-03-16,458.39,466.68,457.93,465.75,48.98,49.150002,43.98,43.98,000,43.98
2016-03-15,459.05,459.05,450.46,458.39,49.450001,50.57,48.490002,48.98,000,48.98
2016-03-14,461.9,461.9,454.26,459.05,51.50,52.560001,49.709999,50.169998,000,50.169998
2016-03-11,451.81,463.39,451.81,461.9,51.23,51.529999,49.779999,50.25,000,50.25
2016-03-10,451.7,452.0,443.73,451.81,52.48,53.040001,51.77,51.98,000,51.98
2016-03-09,444.86,457.48,444.86,451.7,52.41,53.599998,51.459999,51.740002,000,51.740002
2016-03-08,464.02,464.02,444.63,444.86,52.799999,54.169998,51.98,54.040001,000,54.040001
2016-03-07,453.31,464.25,451.76,464.02,51.889999,54.029999,51.889999,52.799999,000,52.799999
2016-03-04,449.24,459.2,446.74,453.31,52.57,52.57,50.560001,51.889999,000,51.889999
2016-03-03,443.56,449.83,441.36,449.24,53.34,54.360001,52.189999,52.57,000,52.57
2016-03-02,432.95,443.65,428.41,443.56,57.639999,58.470001,53.369999,53.369999,000,53.369999
2016-03-01,423.54,434.05,422.01,432.95,60.009998,60.009998,55.889999,56.84,000,56.84
2016-02-29,428.49,430.86,422.58,423.54,59.610001,60.959999,58.09,60.009998,000,60.009998
2016-02-26,426.87,434.09,426.87,428.49,63.740002,63.740002,59.82,59.959999,000,59.959999
2016-02-25,426.08,427.04,417.97,426.87,66.089996,66.089996,62.209999,63.740002,000,63.740002
2016-02-24,422.28,426.76,413.18,426.08,68.489998,69.699997,65.550003,66.089996,000,66.089996
2016-02-23,436.31,436.31,421.3,422.28,63.709999,65.459999,63.279999,65.029999,000,65.029999
2016-02-22,426.77,438.19,426.77,436.31,62.459999,63.970001,62.43,62.84,000,62.84
2016-02-19,428.26,428.26,418.79,426.77,67.489998,68.18,62.459999,62.459999,000,62.459999
2016-02-18,432.3,436.36,426.11,428.26,69.470001,78.690002,67.07,67.489998,000,67.489998
2016-02-17,420.04,434.24,420.04,432.3,71.529999,71.529999,68.970001,69.470001,000,69.470001
2016-02-16,416.7,421.44,414.04,420.04,78.970001,81.120003,71.459999,71.529999,000,71.529999
2016-02-12,406.22,417.89,406.22,416.7,77.379997,80.779999,75.230003,78.970001,000,78.970001
2016-02-11,407.95,409.16,395.48,406.22,72.50,79.339996,72.50,77.790001,000,77.790001
2016-02-10,410.0,417.27,404.59,407.95,74.730003,75.059998,70.860001,72.50,000,72.50
2016-02-09,420.39,420.39,403.51,410.0,70.010002,73.519997,68.470001,72.290001,000,72.290001
2016-02-08,420.11,422.99,407.34,420.39,66.669998,70.470001,66.669998,68.379997,000,68.379997
2016-02-05,428.83,428.83,416.47,420.11,65.449997,67.260002,65.290001,66.669998,000,66.669998
2016-02-04,428.99,436.26,426.55,428.83,67.709999,67.709999,65.330002,66.779999,000,66.779999
2016-02-03,412.63,429.07,405.04,428.99,67.540001,68.349998,66.889999,67.709999,000,67.709999
2016-02-02,426.53,426.53,410.78,412.63,66.629997,69.470001,66.629997,68.589996,000,68.589996
2016-02-01,434.67,434.67,420.41,426.53,61.860001,66.980003,61.860001,66.629997,000,66.629997
2016-01-29,423.61,434.7,421.59,434.67,64.290001,64.559998,60.959999,61.860001,000,61.860001
2016-01-28,410.61,426.65,410.61,423.56,68.470001,69.449997,65.949997,65.989998,000,65.989998
2016-01-27,413.24,422.07,405.95,410.61,65.889999,67.480003,65.209999,65.620003,000,65.620003
2016-01-26,398.19,413.38,398.19,413.24,65.400002,67.18,64.720001,65.889999,000,65.889999
2016-01-25,417.03,418.82,397.96,398.19,64.989998,65.830002,63.77,65.739998,000,65.739998
2016-01-22,399.79,418.7,399.79,417.03,65.790001,65.790001,61.630001,61.860001,000,61.860001
2016-01-21,388.58,404.52,385.78,399.79,67.940002,68.50,64.910004,65.790001,000,65.790001
2016-01-20,400.32,400.32,376.13,388.58,65.00,72.699997,65.00,67.93,000,67.93
2016-01-19,409.2,413.51,394.11,400.32,62.09,64.879997,62.09,64.040001,000,64.040001
2016-01-15,421.3,421.3,401.92,409.2,61.00,63.43,59.02,62.09,000,62.09
2016-01-14,403.26,424.71,401.52,421.3,62.32,62.540001,56.099998,57.560001,000,57.560001
2016-01-13,410.55,418.87,399.08,403.26,62.34,63.77,58.91,60.669998,000,60.669998
2016-01-12,409.02,416.25,399.7,410.55,62.98,67.019997,61.84,65.269997,000,65.269997
2016-01-11,417.77,418.89,403.93,409.02,56.099998,64.989998,56.099998,62.98,000,62.98
2016-01-08,423.45,427.48,416.36,417.77,56.150002,57.32,55.009998,56.099998,000,56.099998
2016-01-07,433.71,435.24,421.63,423.45,52.360001,56.220001,52.360001,56.150002,000,56.150002
2016-01-06,450.01,450.01,430.65,433.71,49.68,53.380001,49.68,52.360001,000,52.360001
2016-01-05,447.75,450.19,442.56,450.01,50.73,50.919998,49.119999,49.68,000,49.68
2016-01-04,448.44,450.95,440.67,447.75,46.57,51.290001,46.57,49.790001,000,49.790001
2015-12-31,446.93,450.96,443.64,448.44,46.709999,47.310001,45.709999,46.57,000,46.57
2015-12-30,453.58,453.58,446.63,446.93,45.27,46.380001,45.209999,46.009998,000,46.009998
2015-12-29,450.45,459.32,450.45,453.58,46.619999,47.220001,45.060001,45.27,000,45.27
2015-12-28,458.67,458.67,448.36,450.45,44.810001,48.040001,44.810001,47.00,000,47.00
2015-12-24,462.88,463.68,457.03,458.67,47.389999,47.389999,44.619999,44.810001,000,44.810001
2015-12-23,444.03,462.95,444.03,462.88,50.060001,50.16,45.630001,47.389999,000,47.389999
2015-12-22,438.68,446.41,438.42,444.03,49.18,49.529999,48.150002,48.84,000,48.84
2015-12-21,438.48,442.39,434.63,438.68,51.150002,51.439999,49.040001,49.18,000,49.18
2015-12-18,445.74,445.83,438.46,438.48,47.75,50.66,47.619999,49.43,000,49.43
2015-12-17,457.09,457.97,445.65,445.74,47.380001,49.470001,46.779999,47.450001,000,47.450001
2015-12-16,459.45,462.11,451.62,457.09,50.419998,50.75,44.57,47.639999,000,47.639999
2015-12-15,446.73,461.51,446.73,459.45,54.689999,54.880001,49.709999,50.029999,000,50.029999
2015-12-14,443.14,448.94,437.24,446.73,56.099998,56.990002,54.639999,55.360001,000,55.360001
2015-12-11,458.55,458.55,442.76,443.14,51.23,54.689999,51.23,54.290001,000,54.290001
2015-12-10,455.74,465.85,453.46,458.55,52.869999,53.169998,50.669998,51.23,000,51.23
2015-12-09,449.75,465.58,449.75,455.74,50.34,51.880001,49.119999,51.529999,000,51.529999
2015-12-08,456.56,456.86,441.0,449.75,51.41,52.639999,50.310001,50.34,000,50.34
2015-12-07,473.94,473.94,450.15,456.56,45.439999,50.080002,45.439999,49.00,000,49.00
2015-12-04,476.43,476.43,464.89,473.94,50.650002,50.650002,45.43,45.439999,000,45.439999
2015-12-03,486.21,489.69,474.15,476.43,51.959999,52.080002,49.82,50.650002,000,50.650002
2015-12-02,501.81,501.81,484.97,486.21,49.689999,52.09,49.09,51.959999,000,51.959999
2015-12-01,498.28,502.22,497.68,501.81,48.139999,49.549999,48.029999,49.279999,000,49.279999
2015-11-30,496.34,502.89,496.34,498.26,49.43,49.68,48.139999,48.139999,000,48.139999
2015-11-27,499.73,499.73,494.79,496.34,48.299999,48.919998,48.040001,48.279999,000,48.279999
2015-11-25,503.9,503.9,497.02,499.73,47.169998,48.470001,46.580002,48.459999,000,48.459999
2015-11-24,493.11,506.01,493.11,503.9,46.459999,48.00,46.290001,47.169998,000,47.169998
2015-11-23,489.86,495.68,486.22,493.11,46.68,48.25,45.790001,45.84,000,45.84
2015-11-20,495.0,497.52,489.2,489.86,43.75,45.57,43.75,44.93,000,44.93
2015-11-19,501.42,501.42,491.65,495.0,43.529999,44.189999,42.82,43.75,000,43.75
2015-11-18,493.49,502.18,492.57,501.42,46.279999,46.580002,42.990002,43.529999,000,43.529999
2015-11-17,499.26,499.65,492.16,493.49,47.73,47.75,45.48,46.630001,000,46.630001
2015-11-16,483.52,499.46,483.11,499.26,48.34,48.970001,47.200001,47.439999,000,47.439999
2015-11-13,486.41,487.5,478.67,483.52,44.41,47.040001,44.200001,46.259998,000,46.259998
2015-11-12,498.34,498.34,485.7,486.41,45.119999,45.439999,43.150002,43.93,000,43.93
2015-11-11,508.03,508.67,497.02,498.34,39.34,42.459999,39.34,41.919998,000,41.919998
2015-11-10,506.73,511.6,503.26,508.03,42.209999,42.209999,39.23,39.34,000,39.34
2015-11-09,514.21,516.64,505.33,506.73,41.580002,42.50,40.790001,41.34,000,41.34
2015-11-06,516.43,516.43,506.44,514.21,40.040001,40.040001,39.240002,39.849998,000,39.849998
2015-11-05,521.87,524.74,514.8,516.43,41.740002,41.759998,39.040001,39.290001,000,39.290001
2015-11-04,527.38,528.32,518.46,521.87,41.27,41.919998,40.419998,41.540001,000,41.540001
2015-11-03,514.36,530.61,514.36,527.38,41.830002,42.380001,41.200001,41.27,000,41.27
2015-11-02,502.11,516.91,498.56,514.36,41.950001,42.959999,41.52,41.880001,000,41.880001
2015-10-30,498.71,507.5,495.75,502.11,43.57,43.779999,41.75,41.950001,000,41.950001
2015-10-29,497.23,503.56,493.97,498.71,44.77,45.889999,43.619999,43.630001,000,43.630001
2015-10-28,486.44,500.02,486.37,497.23,44.77,45.580002,43.689999,44.290001,000,44.290001
2015-10-27,492.13,492.13,481.27,486.44,44.00,44.98,43.82,44.77,000,44.77
2015-10-26,504.85,504.85,492.02,492.13,41.509998,43.59,41.509998,42.990002,000,42.990002
2015-10-23,505.85,508.65,500.02,504.85,41.18,41.77,40.48,41.509998,000,41.509998
2015-10-22,495.77,506.76,495.77,505.85,41.490002,41.490002,40.16,40.220001,000,40.220001
2015-10-21,500.96,501.93,495.11,495.77,42.41,43.93,41.470001,41.77,000,41.77
2015-10-20,500.12,503.48,496.55,500.96,40.740002,42.619999,40.66,41.720001,000,41.720001
2015-10-19,509.95,509.95,497.85,500.12,39.580002,41.970001,39.580002,40.740002,000,40.740002
2015-10-16,509.05,512.42,503.32,509.95,41.990002,42.380001,39.220001,39.580002,000,39.580002
2015-10-15,500.9,509.3,496.67,509.05,42.700001,43.529999,40.470001,41.990002,000,41.990002
2015-10-14,496.2,502.65,494.43,500.9,45.049999,45.380001,42.580002,42.700001,000,42.700001
2015-10-13,500.69,502.8,494.71,496.2,44.900002,45.709999,43.849998,45.369999,000,45.369999
2015-10-12,506.18,506.56,496.33,500.69,42.799999,46.509998,42.799999,44.900002,000,44.900002
2015-10-09,509.88,510.88,503.34,506.18,42.959999,43.349998,42.689999,42.799999,000,42.799999
2015-10-08,500.41,511.4,496.48,509.88,43.02,43.919998,42.34,43.279999,000,43.279999
2015-10-07,493.86,505.92,490.34,500.41,44.029999,45.25,43.23,43.259998,000,43.259998
2015-10-06,483.09,497.35,482.06,493.86,43.389999,45.279999,43.220001,44.139999,000,44.139999
2015-10-05,469.69,484.23,469.69,483.09,42.860001,44.75,42.860001,43.029999,000,43.029999
2015-10-02,451.58,469.7,446.03,469.69,46.07,46.07,42.860001,42.860001,000,42.860001
2015-10-01,451.52,461.61,447.76,451.58,45.52,47.369999,44.509998,44.610001,000,44.610001
2015-09-30,440.55,451.97,440.55,451.33,48.369999,48.419998,45.389999,45.52,000,45.52
2015-09-29,440.49,445.74,437.25,440.55,49.09,49.529999,48.869999,49.32,000,49.32
2015-09-28,456.85,456.85,440.23,440.49,49.139999,49.580002,47.700001,49.459999,000,49.459999
2015-09-25,455.58,459.93,453.05,456.85,49.439999,49.439999,47.50,47.709999,000,47.709999
2015-09-24,453.62,458.78,448.02,455.58,51.689999,51.689999,49.310001,49.439999,000,49.439999
2015-09-23,460.02,463.06,453.7,453.71,48.419998,52.18,48.27,51.119999,000,51.119999
2015-09-22,465.06,465.06,457.0,460.02,47.509998,49.57,47.509998,48.900002,000,48.900002
2015-09-21,462.41,467.98,462.11,465.06,46.84,47.59,45.990002,47.509998,000,47.509998
2015-09-18,474.86,474.86,459.48,462.41,45.09,46.50,44.68,45.84,000,45.84
2015-09-17,475.03,482.96,471.66,474.86,50.240002,52.150002,45.09,45.34,000,45.34
2015-09-16,462.29,475.6,462.29,475.03,51.139999,51.68,48.919998,50.240002,000,50.240002
2015-09-15,457.24,463.99,457.24,462.23,49.810001,51.18,49.349998,51.139999,000,51.139999
2015-09-14,460.95,460.95,454.84,457.24,49.630001,50.93,49.630001,49.810001,000,49.810001
2015-09-11,464.39,464.39,454.93,460.95,50.84,51.009998,49.549999,49.630001,000,49.630001
2015-09-10,461.89,466.86,457.69,464.39,49.93,56.540001,49.880001,50.049999,000,50.049999
2015-09-09,471.03,479.61,461.04,461.89,49.580002,50.23,49.189999,49.50,000,49.50
2015-09-08,464.18,471.47,463.68,471.03,51.93,51.93,49.970001,50.139999,000,50.139999
2015-09-04,472.35,472.35,462.43,464.18,50.439999,50.490002,49.200001,49.290001,000,49.290001
2015-09-03,470.8,481.96,469.57,472.35,50.540001,52.130001,50.299999,50.439999,000,50.439999
2015-09-02,466.5,472.29,460.79,470.8,57.509998,74.290001,52.75,53.75,000,53.75
2015-09-01,484.21,484.21,462.69,466.5,54.369999,60.619999,54.369999,57.509998,000,57.509998
2015-08-31,479.16,486.07,467.07,484.21,52.299999,55.09,50.91,54.369999,000,54.369999
2015-08-28,469.53,484.02,468.89,479.16,48.68,52.740002,48.48,51.560001,000,51.560001
2015-08-27,447.55,470.12,447.55,469.53,46.869999,49.060001,44.209999,49.029999,000,49.029999
2015-08-26,432.4,448.08,432.4,447.55,49.00,50.16,46.380001,46.869999,000,46.869999
2015-08-25,438.36,451.37,432.11,432.4,50.110001,50.110001,47.360001,49.00,000,49.00
2015-08-24,462.29,462.29,434.43,438.36,52.150002,53.48,48.419998,50.110001,000,50.110001
2015-08-21,478.94,479.4,462.29,462.29,42.580002,45.150002,42.34,44.66,000,44.66
2015-08-20,489.75,491.47,478.93,478.94,41.349998,43.040001,41.349998,42.580002,000,42.580002
2015-08-19,503.79,503.79,487.72,489.75,39.48,41.98,37.509998,41.290001,000,41.290001
2015-08-18,505.81,505.93,501.33,503.79,40.349998,40.349998,38.040001,39.48,000,39.48
2015-08-17,506.05,508.54,500.97,505.81,40.919998,42.18,40.169998,40.349998,000,40.349998
2015-08-14,507.11,511.47,504.96,506.05,43.23,43.23,40.790001,40.919998,000,40.919998
2015-08-13,514.03,514.03,506.67,507.11,43.099998,43.91,42.91,43.23,000,43.23
2015-08-12,504.66,515.24,500.62,514.03,42.830002,43.990002,41.200001,42.400002,000,42.400002
2015-08-11,505.61,505.61,494.13,504.66,42.779999,42.970001,42.049999,42.16,000,42.16
2015-08-10,490.35,505.64,490.35,505.61,41.169998,42.779999,40.82,40.990002,000,40.990002
2015-08-07,499.63,501.05,488.96,490.35,42.27,42.459999,41.049999,41.169998,000,41.169998
2015-08-06,491.84,500.75,486.1,499.63,40.18,43.060001,40.18,41.540001,000,41.540001
2015-08-05,495.55,504.31,491.66,491.84,40.00,40.98,39.299999,40.18,000,40.18
2015-08-04,497.85,503.46,493.72,495.55,40.91,40.91,39.700001,40.119999,000,40.119999
2015-08-03,508.05,508.05,496.86,497.85,38.82,41.830002,38.82,40.91,000,40.91
2015-07-31,521.6,521.6,507.43,508.05,37.330002,38.919998,37.330002,38.82,000,38.82
2015-07-30,525.0,525.5,519.28,521.6,38.59,38.59,37.25,37.330002,000,37.330002
2015-07-29,518.36,525.33,515.24,525.0,39.939999,42.509998,38.07,38.59,000,38.59
2015-07-28,503.33,520.71,503.33,518.36,40.419998,41.02,39.009998,39.939999,000,39.939999
2015-07-27,510.24,510.24,501.16,503.33,40.73,41.860001,40.439999,41.150002,000,41.150002
2015-07-24,520.56,520.56,508.57,510.24,38.459999,39.799999,38.459999,39.00,000,39.00
2015-07-23,522.13,524.69,517.27,520.56,37.57,39.700001,37.41,38.459999,000,38.459999
2015-07-22,525.51,526.71,521.04,522.13,35.860001,37.68,35.139999,37.66,000,37.66
2015-07-21,525.01,530.17,523.92,525.51,36.389999,36.540001,34.619999,34.970001,000,34.970001
2015-07-20,531.86,531.86,524.52,525.01,34.68,36.799999,34.68,36.389999,000,36.389999
2015-07-17,537.62,537.62,529.56,531.86,36.32,37.689999,34.119999,34.68,000,34.68
2015-07-16,537.33,541.35,536.47,537.62,37.07,37.849998,35.880001,35.919998,000,35.919998
2015-07-15,546.16,546.16,535.42,537.33,37.630001,38.509998,36.41,37.25,000,37.25
2015-07-14,541.64,547.5,541.17,546.16,38.080002,38.580002,35.790001,36.310001,000,36.310001
2015-07-13,538.25,543.01,538.25,541.64,41.220001,42.549999,38.009998,38.080002,000,38.080002
2015-07-10,535.53,541.59,535.53,538.25,42.040001,42.41,41.139999,41.220001,000,41.220001
2015-07-09,533.49,542.58,533.49,535.53,43.049999,43.049999,41.889999,42.040001,000,42.040001
2015-07-08,544.14,544.14,531.64,533.49,40.860001,43.209999,40.360001,42.200001,000,42.200001
2015-07-07,539.38,545.91,531.81,544.14,39.84,44.080002,39.810001,40.540001,000,40.540001
2015-07-06,546.28,546.28,537.28,539.38,36.450001,40.939999,36.200001,40.009998,000,40.009998
2015-07-02,543.91,549.22,543.91,546.28,34.110001,34.110001,32.150002,33.799999,000,33.799999
2015-07-01,551.11,552.04,541.91,543.91,33.09,35.060001,33.07,34.110001,000,34.110001
2015-06-30,547.54,553.56,547.54,551.11,33.639999,33.639999,32.32,32.43,000,32.43
2015-06-29,557.32,557.32,547.33,547.54,29.01,33.73,29.01,33.639999,000,33.639999
2015-06-26,555.98,557.92,552.8,557.32,29.26,29.77,28.809999,29.01,000,29.01
2015-06-25,561.72,562.31,555.96,555.98,29.60,30.24,29.09,29.26,000,29.26
2015-06-24,565.27,566.87,561.71,561.72,30.129999,30.950001,29.440001,29.60,000,29.60
2015-06-23,563.5,566.08,562.21,565.27,30.059999,30.85,29.219999,29.690001,000,29.690001
2015-06-22,558.01,563.88,557.95,563.5,30.40,31.540001,29.969999,30.059999,000,30.059999
2015-06-19,563.0,563.0,557.7,558.01,32.02,32.049999,30.139999,30.40,000,30.40
2015-06-18,562.62,566.52,562.51,563.0,32.790001,32.790001,31.309999,31.59,000,31.59
2015-06-17,563.43,568.77,559.85,562.62,33.299999,51.34,32.599998,32.830002,000,32.830002
2015-06-16,558.88,563.78,557.49,563.43,32.549999,33.060001,31.93,32.389999,000,32.389999
2015-06-15,560.6,561.79,555.0,558.88,31.51,32.939999,31.51,32.549999,000,32.549999
2015-06-12,567.19,567.19,559.55,560.6,32.119999,32.209999,31.440001,31.51,000,31.51
2015-06-11,569.45,571.37,566.49,567.19,32.119999,32.540001,31.60,31.76,000,31.76
2015-06-10,562.82,570.75,562.82,569.45,33.049999,33.189999,31.780001,31.790001,000,31.790001
2015-06-09,563.1,569.44,562.7,562.82,34.040001,34.040001,32.860001,33.009998,000,33.009998
2015-06-08,565.88,566.51,562.01,563.1,34.50,34.73,33.59,34.040001,000,34.040001
2015-06-05,562.18,570.79,560.42,565.88,38.419998,38.419998,33.189999,33.540001,000,33.540001
2015-06-04,569.26,569.26,561.66,562.18,37.400002,39.27,37.400002,38.419998,000,38.419998
2015-06-03,573.0,575.76,568.99,569.26,36.290001,45.669998,36.290001,37.400002,000,37.400002
2015-06-02,570.14,575.84,568.71,573.0,35.299999,36.810001,35.299999,35.740002,000,35.740002
2015-06-01,571.41,572.39,568.96,570.14,35.41,36.419998,35.279999,35.299999,000,35.299999
2015-05-29,571.77,574.74,569.81,571.41,34.07,34.09,32.41,33.740002,000,33.740002
2015-05-28,573.6,573.6,568.42,571.77,36.189999,36.380001,34.099998,34.200001,000,34.200001
2015-05-27,574.21,578.71,570.84,573.6,34.66,35.610001,34.439999,35.290001,000,35.290001
2015-05-26,583.44,583.44,572.35,574.21,31.290001,35.59,31.290001,34.66,000,34.66
2015-05-22,586.02,586.22,581.35,583.44,31.610001,32.34,31.02,31.290001,000,31.290001
2015-05-21,581.13,587.05,581.13,586.02,33.700001,33.700001,31.49,31.610001,000,31.610001
2015-05-20,580.21,583.02,578.13,581.13,34.23,34.580002,33.27,33.700001,000,33.700001
2015-05-19,587.44,587.44,579.33,580.21,30.629999,34.970001,30.629999,34.82,000,34.82
2015-05-18,587.93,588.25,584.25,587.44,29.950001,31.540001,29.950001,30.629999,000,30.629999
2015-05-15,586.6,589.74,581.71,587.93,32.630001,33.84,29.719999,29.950001,000,29.950001
2015-05-14,586.32,591.7,585.66,586.6,34.330002,34.330002,32.59,32.630001,000,32.630001
2015-05-13,588.13,593.46,584.34,586.32,33.529999,45.77,31.200001,34.330002,000,34.330002
2015-05-12,585.57,590.96,583.87,588.13,34.860001,34.919998,33.439999,33.740002,000,33.740002
2015-05-11,597.81,597.81,585.06,585.57,35.09,36.040001,34.560001,34.860001,000,34.860001
2015-05-08,588.39,598.37,587.06,597.81,37.48,38.02,35.060001,35.09,000,35.09
2015-05-07,594.93,594.93,584.25,588.39,36.98,38.580002,36.91,38.130001,000,38.130001
2015-05-06,596.72,604.44,592.0,594.93,36.240002,37.07,35.73,36.880001,000,36.880001
2015-05-05,603.36,610.82,596.62,596.72,35.990002,36.299999,35.48,36.240002,000,36.240002
2015-05-04,604.75,608.18,601.11,603.36,37.029999,37.27,36.150002,36.200001,000,36.200001
2015-05-01,602.89,605.42,600.01,604.75,36.09,36.240002,35.48,35.619999,000,35.619999
2015-04-30,605.07,608.27,600.3,602.89,37.139999,37.889999,36.23,36.279999,000,36.279999
2015-04-29,600.79,605.66,596.75,605.07,37.450001,39.189999,36.540001,36.68,000,36.68
2015-04-28,597.61,601.15,595.69,600.79,37.459999,38.630001,37.110001,37.310001,000,37.310001
2015-04-27,597.98,601.99,596.77,597.61,37.720001,37.77,36.720001,37.459999,000,37.459999
2015-04-24,601.86,601.86,595.54,597.98,37.98,38.66,36.610001,36.610001,000,36.610001
2015-04-23,598.17,605.99,598.17,601.86,39.009998,39.200001,37.619999,37.98,000,37.98
2015-04-22,594.4,600.32,591.87,598.17,41.040001,41.110001,39.00,39.009998,000,39.009998
2015-04-21,600.48,601.41,592.45,594.4,42.099998,42.389999,39.91,41.040001,000,41.040001
2015-04-20,597.81,606.79,597.81,600.48,42.00,43.650002,41.41,42.060001,000,42.060001
2015-04-17,602.67,602.67,593.29,597.81,43.290001,43.32,41.860001,42.00,000,42.00
2015-04-16,604.34,607.49,597.93,602.67,45.66,45.759998,43.48,43.48,000,43.48
2015-04-15,590.73,605.52,590.73,604.34,44.599998,46.369999,43.759998,46.139999,000,46.139999
2015-04-14,580.43,592.6,580.43,590.73,43.970001,45.630001,43.830002,44.650002,000,44.650002
2015-04-13,585.36,588.79,579.67,580.43,43.040001,44.860001,42.919998,44.200001,000,44.200001
2015-04-10,582.43,586.64,582.14,585.36,46.650002,46.650002,43.009998,43.040001,000,43.040001
2015-04-09,573.65,583.61,573.65,582.43,47.639999,47.82,44.259998,46.650002,000,46.650002
2015-04-08,579.62,582.69,573.48,573.65,46.25,50.360001,44.18,48.099998,000,48.099998
2015-04-07,577.84,582.37,575.94,579.62,48.490002,48.619999,45.82,46.25,000,46.25
2015-04-06,567.79,581.23,567.79,577.84,49.84,50.93,48.110001,48.330002,000,48.330002
2015-04-02,566.8,571.0,563.14,567.79,50.900002,52.779999,49.810001,49.84,000,49.84
2015-04-01,565.76,571.92,565.76,566.8,53.040001,53.040001,49.220001,50.900002,000,50.900002
2015-03-31,571.0,571.0,564.52,565.76,51.98,54.560001,51.98,53.720001,000,53.720001
2015-03-30,559.23,572.19,559.23,571.0,52.84,53.68,51.639999,51.98,000,51.98
2015-03-27,563.41,563.41,557.6,559.23,49.580002,52.84,49.279999,52.84,000,52.84
2015-03-26,564.55,571.48,561.47,563.41,47.689999,50.310001,47.689999,49.580002,000,49.580002
2015-03-25,557.75,568.57,557.75,564.55,47.939999,63.02,46.860001,47.029999,000,47.029999
2015-03-24,562.3,564.05,557.69,557.75,49.32,49.32,47.330002,47.939999,000,47.939999
2015-03-23,563.3,568.46,562.19,562.3,51.610001,51.650002,49.060001,49.32,000,49.32
2015-03-20,555.68,566.61,555.68,563.3,53.82,53.82,49.73,50.84,000,50.84
2015-03-19,565.25,565.25,554.53,555.68,53.650002,56.93,53.450001,53.82,000,53.82
2015-03-18,549.32,567.95,545.5,565.25,59.23,59.970001,52.75,53.650002,000,53.650002
2015-03-17,552.2,552.2,546.23,549.32,56.93,60.720001,56.93,59.849998,000,59.849998
2015-03-16,544.87,552.52,540.51,552.2,56.810001,60.869999,56.34,56.93,000,56.93
2015-03-13,547.42,547.42,539.26,544.87,50.720001,55.209999,50.509998,54.560001,000,54.560001
2015-03-12,550.1,552.75,547.18,547.42,48.529999,50.860001,47.919998,49.59,000,49.59
2015-03-11,548.87,552.52,546.99,549.97,50.919998,54.720001,49.169998,49.169998,000,49.169998
2015-03-10,556.79,556.79,548.87,548.87,50.259998,51.540001,49.669998,50.919998,000,50.919998
2015-03-09,560.66,565.87,556.78,556.79,48.959999,50.48,47.889999,48.990002,000,48.990002
2015-03-06,570.08,570.08,559.07,560.66,47.639999,50.049999,46.540001,48.959999,000,48.959999
2015-03-05,573.63,573.63,569.83,570.08,47.919998,48.68,46.009998,47.09,000,47.09
2015-03-04,574.81,574.92,568.22,573.63,51.169998,51.50,48.709999,48.919998,000,48.919998
2015-03-03,573.51,577.94,570.8,574.81,54.919998,55.27,52.84,53.049999,000,53.049999
2015-03-02,577.51,577.51,568.29,573.51,55.849998,57.259998,54.34,54.919998,000,54.919998
2015-02-27,579.76,582.13,577.07,577.51,56.459999,57.029999,55.529999,55.849998,000,55.849998
2015-02-26,590.18,590.18,576.87,579.76,55.860001,57.82,54.41,56.459999,000,56.459999
2015-02-25,587.73,591.05,585.51,590.18,56.27,60.57,54.779999,54.93,000,54.93
2015-02-24,586.6,590.04,584.7,587.73,58.669998,58.849998,55.419998,56.27,000,56.27
2015-02-23,589.07,590.58,581.85,586.6,54.00,59.27,54.00,58.669998,000,58.669998
2015-02-20,590.83,592.46,584.01,589.07,55.75,55.900002,52.91,54.00,000,54.00
2015-02-19,595.48,595.48,580.68,590.83,55.970001,61.57,54.889999,55.75,000,55.75
2015-02-18,604.28,604.28,594.38,595.48,56.849998,56.98,54.25,55.970001,000,55.970001
2015-02-17,603.4,604.98,596.85,604.28,58.290001,58.360001,55.380001,56.330002,000,56.330002
2015-02-13,591.84,603.67,591.84,603.4,58.689999,58.689999,55.529999,55.529999,000,55.529999
2015-02-12,584.03,594.2,584.03,591.84,60.23,60.23,57.169998,58.689999,000,58.689999
2015-02-11,587.89,587.89,577.89,584.03,59.290001,64.410004,59.290001,60.23,000,60.23
2015-02-10,589.03,589.2,578.16,587.89,57.18,59.639999,54.950001,59.290001,000,59.290001
2015-02-09,587.98,595.12,587.56,589.03,60.830002,60.830002,55.77,56.00,000,56.00
2015-02-06,589.53,593.63,585.68,587.98,62.34,63.689999,59.650002,60.830002,000,60.830002
2015-02-05,581.12,592.01,581.12,589.53,62.73,63.459999,60.73,63.139999,000,63.139999
2015-02-04,590.64,590.64,576.36,581.12,59.68,63.389999,59.68,62.73,000,62.73
2015-02-03,574.68,592.83,574.68,590.64,57.84,62.07,56.549999,59.68,000,59.68
2015-02-02,557.95,574.68,557.95,574.68,59.799999,59.799999,57.509998,57.84,000,57.84
2015-01-30,553.86,564.12,545.7,557.95,54.689999,58.799999,53.98,58.619999,000,58.619999
2015-01-29,552.91,556.99,542.05,553.86,54.650002,56.720001,54.599998,54.689999,000,54.689999
2015-01-28,575.18,575.18,551.85,552.91,54.23,56.869999,52.529999,55.18,000,55.18
2015-01-27,576.18,577.86,570.38,575.18,55.25,56.23,54.049999,54.23,000,54.23
2015-01-26,568.28,577.37,565.18,576.18,57.619999,59.400002,56.490002,56.650002,000,56.650002
2015-01-23,573.44,576.17,568.05,568.28,57.419998,57.77,55.310001,57.619999,000,57.619999
2015-01-22,570.15,573.62,563.49,573.44,54.740002,58.099998,54.419998,56.400002,000,56.400002
2015-01-21,559.9,570.53,559.9,570.15,56.580002,57.75,54.07,55.09,000,55.09
2015-01-20,559.36,560.19,550.28,559.9,59.810001,60.16,57.77,57.990002,000,57.990002
2015-01-16,542.06,559.63,542.06,559.36,57.77,59.029999,56.07,56.439999,000,56.439999
2015-01-15,548.68,555.18,541.68,542.06,53.41,58.290001,51.919998,57.77,000,57.77
2015-01-14,547.99,549.6,533.63,548.68,53.869999,53.869999,49.919998,53.169998,000,53.169998
2015-01-13,552.0,558.11,542.82,547.99,51.810001,54.59,51.060001,53.779999,000,53.779999
2015-01-12,567.92,567.92,549.3,552.0,50.07,54.849998,50.07,53.130001,000,53.130001
2015-01-09,572.44,573.21,562.91,567.92,50.959999,52.419998,49.810001,50.07,000,50.07
2015-01-08,560.09,572.78,560.09,572.44,53.25,53.25,49.889999,50.959999,000,50.959999
2015-01-07,558.19,567.23,556.31,560.09,55.41,55.689999,51.84,53.25,000,53.25
2015-01-06,565.6,569.7,554.44,558.19,57.669998,59.889999,55.509998,56.450001,000,56.450001
2015-01-05,589.12,589.12,563.23,565.6,57.040001,59.25,56.66,57.669998,000,57.669998
2015-01-02,586.59,590.73,581.11,589.12,50.240002,54.25,50.240002,54.25,000,54.25
2014-12-31,590.15,592.49,583.49,586.59,51.169998,52.599998,49.389999,50.240002,000,50.240002
2014-12-30,594.33,595.3,588.75,591.05,52.73,52.75,50.450001,51.169998,000,51.169998
2014-12-29,593.84,599.29,591.9,594.76,54.68,56.959999,53.560001,53.630001,000,53.630001
2014-12-26,594.79,598.44,590.91,593.19,54.880001,56.139999,54.66,54.68,000,54.68
2014-12-24,597.74,597.74,587.37,593.6,54.880001,56.549999,54.369999,54.880001,000,54.880001
2014-12-23,591.51,600.55,591.03,598.44,54.82,55.310001,52.970001,53.970001,000,53.970001
2014-12-22,596.72,596.72,585.33,591.01,56.689999,56.689999,54.720001,54.82,000,54.82
2014-12-19,578.81,596.85,577.08,596.85,55.990002,56.669998,53.799999,54.84,000,54.84
2014-12-18,566.77,579.71,562.8,578.79,56.75,57.619999,53.610001,57.450001,000,57.450001
2014-12-17,543.99,571.07,543.99,566.75,55.77,57.419998,49.709999,56.75,000,56.75
2014-12-16,539.49,560.26,534.01,543.79,57.549999,58.43,53.48,55.77,000,55.77
2014-12-15,544.13,553.94,538.52,540.03,51.540001,58.139999,51.240002,57.549999,000,57.549999
2014-12-12,555.55,555.55,543.9,543.9,48.720001,53.099998,47.540001,49.77,000,49.77
2014-12-11,555.62,569.83,554.77,555.82,40.68,45.330002,40.68,44.950001,000,44.950001
2014-12-10,572.01,572.01,552.21,555.63,37.560001,42.32,37.560001,42.209999,000,42.209999
2014-12-09,568.29,575.95,565.36,573.29,40.240002,40.639999,37.959999,38.529999,000,38.529999
2014-12-08,591.31,591.31,567.26,568.43,34.200001,39.75,34.200001,39.68,000,39.68
2014-12-05,597.98,598.09,589.21,591.53,35.389999,35.759998,33.419998,34.200001,000,34.200001
2014-12-04,601.84,601.84,592.6,598.67,36.91,36.970001,35.290001,35.389999,000,35.389999
2014-12-03,597.15,607.22,597.15,603.53,37.580002,37.93,36.09,36.16,000,36.16
2014-12-02,588.52,600.67,584.97,596.58,38.689999,39.66,37.740002,38.57,000,38.57
2014-12-01,584.36,590.1,578.75,588.74,36.439999,40.630001,36.439999,37.490002,000,37.490002
2014-11-28,623.65,623.65,583.1,584.58,35.299999,37.439999,34.41,36.439999,000,36.439999
2014-11-26,630.4,630.4,622.81,623.65,37.970001,38.119999,35.220001,36.02,000,36.02
2014-11-25,641.69,642.94,629.87,630.62,35.669998,37.830002,35.32,37.490002,000,37.490002
2014-11-24,644.67,646.65,638.22,640.88,34.919998,36.889999,34.919998,36.279999,000,36.279999
2014-11-21,638.47,650.05,638.47,645.6,33.639999,35.139999,32.549999,34.919998,000,34.919998
2014-11-20,630.67,638.43,630.67,637.82,33.139999,33.689999,31.83,33.639999,000,33.639999
2014-11-19,628.1,632.41,622.97,630.93,33.34,33.630001,32.630001,33.139999,000,33.139999
2014-11-18,627.18,631.89,624.77,627.42,34.389999,34.990002,33.029999,33.169998,000,33.169998
2014-11-17,629.21,630.11,623.83,627.15,32.990002,35.220001,32.990002,34.389999,000,34.389999
2014-11-14,624.57,630.25,623.22,629.88,33.119999,33.75,32.91,32.990002,000,32.990002
2014-11-13,631.77,631.77,615.64,624.69,30.709999,33.700001,30.709999,33.119999,000,33.119999
2014-11-12,638.4,640.93,632.18,633.21,30.790001,31.00,30.27,30.709999,000,30.709999
2014-11-11,637.5,640.33,632.29,639.12,30.719999,31.290001,30.700001,30.790001,000,30.790001
2014-11-10,643.24,650.17,635.8,637.45,29.469999,30.93,29.469999,30.719999,000,30.719999
2014-11-07,636.83,646.94,636.83,642.8,30.33,30.40,28.940001,29.469999,000,29.469999
2014-11-06,627.97,636.84,623.47,636.84,31.389999,32.889999,30.299999,30.34,000,30.34
2014-11-05,618.3,631.21,618.3,628.79,33.130001,33.130001,31.34,31.389999,000,31.389999
2014-11-04,629.29,629.29,613.3,617.99,34.41,35.470001,32.93,33.130001,000,33.130001
2014-11-03,641.78,646.4,628.42,630.16,30.52,31.90,30.18,31.84,000,31.84
2014-10-31,628.77,641.77,624.17,641.32,30.450001,35.529999,30.450001,30.52,000,30.52
2014-10-30,630.09,630.78,621.14,628.5,30.309999,31.120001,30.18,30.450001,000,30.450001
2014-10-29,629.68,639.92,624.43,630.45,30.110001,30.110001,27.98,28.93,000,28.93
2014-10-28,616.0,630.22,615.5,629.44,32.439999,32.439999,29.93,30.110001,000,30.110001
2014-10-27,627.99,627.99,609.8,615.48,33.689999,33.939999,32.43,32.439999,000,32.439999
2014-10-24,629.87,629.87,620.27,628.23,31.780001,32.889999,31.27,31.27,000,31.27
2014-10-23,619.66,635.99,619.66,630.02,31.68,31.889999,30.91,31.780001,000,31.780001
2014-10-22,629.86,634.62,618.53,618.97,27.41,30.799999,26.540001,30.68,000,30.68
2014-10-21,611.9,630.74,611.9,629.4,27.709999,28.129999,26.639999,27.139999,000,27.139999
2014-10-20,606.77,612.31,603.26,611.51,30.58,31.059999,29.290001,29.360001,000,29.360001
2014-10-17,601.39,617.97,601.39,606.9,31.00,31.26,29.889999,31.16,000,31.16
2014-10-16,591.15,606.47,580.28,601.39,36.360001,38.43,31.879999,34.09,000,34.09
2014-10-15,588.72,593.07,571.04,591.42,37.27,38.950001,35.779999,36.360001,000,36.360001
2014-10-14,596.83,605.43,586.14,588.9,31.32,37.330002,31.299999,37.23,000,37.23
2014-10-13,613.13,619.17,595.86,596.21,33.23,33.66,30.84,31.32,000,31.32
2014-10-10,621.01,626.35,607.77,613.73,27.719999,31.200001,27.719999,30.030001,000,30.030001
2014-10-09,643.66,643.66,620.29,621.04,25.280001,27.719999,24.120001,27.719999,000,27.719999
2014-10-08,637.68,645.41,627.43,644.91,26.00,27.09,25.27,25.280001,000,25.280001
2014-10-07,646.3,651.23,638.35,638.48,24.620001,25.139999,24.620001,25.09,000,25.09
2014-10-06,646.97,653.07,642.6,647.09,25.049999,25.799999,24.58,24.620001,000,24.620001
2014-10-03,646.89,648.61,640.16,646.26,23.299999,24.309999,23.299999,24.219999,000,24.219999
2014-10-02,647.97,649.94,635.44,646.25,24.50,24.77,23.360001,23.360001,000,23.360001
2014-10-01,661.1,663.69,646.73,648.71,21.52,28.32,21.52,22.379999,000,22.379999
2014-09-30,668.48,669.9,657.71,661.05,19.620001,22.200001,19.620001,21.52,000,21.52
2014-09-29,671.64,671.64,661.47,669.11,19.42,20.450001,19.42,19.860001,000,19.860001
2014-09-26,663.22,674.37,661.13,671.95,20.07,20.07,19.17,19.42,000,19.42
2014-09-25,673.38,673.71,663.29,663.29,19.790001,21.049999,19.73,20.07,000,20.07
2014-09-24,673.03,677.28,663.88,673.63,20.73,20.870001,19.74,19.799999,000,19.799999
2014-09-23,675.17,679.83,673.3,673.39,19.98,20.91,19.98,20.73,000,20.73
2014-09-22,684.1,684.1,673.53,675.52,19.780001,20.26,19.629999,19.98,000,19.98
2014-09-19,684.81,689.5,684.65,684.82,18.98,19.219999,18.43,18.559999,000,18.559999
2014-09-18,688.74,689.36,683.31,684.8,19.18,19.18,18.209999,18.98,000,18.98
2014-09-17,692.0,693.32,686.36,688.08,19.459999,19.469999,18.48,19.18,000,19.18
2014-09-16,682.82,695.6,682.13,691.39,20.50,20.50,18.67,18.93,000,18.93
2014-09-15,677.64,684.83,674.61,683.29,20.290001,20.540001,19.93,20.17,000,20.17
2014-09-12,687.43,687.43,676.56,678.33,20.24,20.27,19.49,19.530001,000,19.530001
2014-09-11,687.45,689.5,680.21,688.7,21.32,21.32,20.459999,20.629999,000,20.629999
2014-09-10,689.82,689.82,680.38,688.1,20.120001,21.280001,20.110001,20.49,000,20.49
2014-09-09,693.89,696.66,686.34,690.18,19.780001,19.889999,19.559999,19.68,000,19.68
2014-09-08,704.05,704.05,690.46,693.47,18.52,20.780001,18.52,20.43,000,20.43
2014-09-05,699.74,704.67,695.8,704.64,18.51,18.66,18.030001,18.52,000,18.52
2014-09-04,709.59,710.69,696.77,699.83,18.790001,18.98,18.24,18.950001,000,18.950001
2014-09-03,708.33,713.19,708.33,709.0,18.530001,18.91,17.77,18.49,000,18.49
2014-09-02,715.54,715.54,703.5,706.8,16.68,18.50,16.68,18.34,000,18.34
2014-08-29,712.75,715.89,711.16,715.72,16.389999,16.700001,16.26,16.68,000,16.68
2014-08-28,711.78,713.21,709.68,712.27,16.469999,16.780001,16.450001,16.52,000,16.52
2014-08-27,713.59,715.1,710.6,712.59,16.549999,16.60,16.209999,16.469999,000,16.469999
2014-08-26,709.84,716.87,709.84,713.29,16.60,16.860001,16.549999,16.68,000,16.68
2014-08-25,705.33,710.11,705.33,709.61,17.24,17.299999,16.77,16.92,000,16.92
2014-08-22,707.69,707.69,701.35,704.06,17.41,17.540001,16.43,16.51,000,16.51
2014-08-21,708.84,709.72,706.67,708.67,17.709999,18.01,17.049999,17.25,000,17.25
2014-08-20,706.62,709.49,703.76,708.65,19.139999,19.16,17.76,17.959999,000,17.959999
2014-08-19,702.7,708.38,702.7,707.23,19.52,19.530001,19.01,19.379999,000,19.379999
2014-08-18,701.16,703.95,699.35,702.12,18.59,20.129999,18.59,19.52,000,19.52
2014-08-15,696.76,701.38,694.91,700.15,17.860001,19.280001,17.860001,18.59,000,18.59
2014-08-14,700.84,701.68,695.57,696.58,17.709999,18.26,17.190001,17.860001,000,17.860001
2014-08-13,698.46,703.42,697.37,700.1,17.549999,18.440001,17.129999,17.190001,000,17.190001
2014-08-12,701.86,701.86,694.88,697.78,17.790001,17.91,17.51,17.549999,000,17.549999
2014-08-11,704.76,708.76,701.81,702.45,18.08,18.129999,17.35,17.540001,000,17.540001
2014-08-08,692.97,703.89,692.62,703.5,18.559999,18.92,18.43,18.879999,000,18.879999
2014-08-07,697.52,700.84,688.47,691.9,18.809999,19.040001,18.690001,18.85,000,18.85
2014-08-06,692.93,703.76,691.94,696.66,19.10,19.209999,18.76,18.809999,000,18.809999
2014-08-05,708.77,708.77,690.15,693.94,18.85,19.219999,18.309999,19.10,000,19.10
2014-08-04,698.14,710.69,695.67,709.1,20.18,20.18,18.85,18.92,000,18.92
2014-08-01,702.33,703.23,692.49,697.87,18.780001,21.07,18.780001,19.389999,000,19.389999
2014-07-31,718.58,718.58,702.86,702.87,17.530001,18.91,17.32,18.780001,000,18.780001
2014-07-30,724.73,729.69,718.01,720.33,16.790001,18.040001,15.62,17.110001,000,17.110001
2014-07-29,726.75,728.91,724.07,724.07,16.809999,16.90,16.42,16.790001,000,16.790001
2014-07-28,728.04,728.52,722.35,726.97,16.67,16.969999,16.35,16.370001,000,16.370001
2014-07-25,732.66,732.66,727.12,727.81,15.95,16.67,15.88,16.67,000,16.67
2014-07-24,732.95,736.09,731.31,733.44,16.25,16.32,15.91,15.95,000,15.95
2014-07-23,728.95,732.96,727.53,732.62,17.10,17.440001,16.700001,16.73,000,16.73
2014-07-22,724.41,730.52,724.41,728.55,16.92,17.219999,16.879999,17.10,000,17.10
2014-07-21,721.31,722.14,718.97,720.93,17.389999,17.389999,16.75,16.969999,000,16.969999
2014-07-18,720.05,723.58,718.03,721.91,17.870001,17.870001,16.969999,17.389999,000,17.389999
2014-07-17,731.19,732.38,719.42,719.87,17.120001,17.870001,16.879999,17.870001,000,17.870001
2014-07-16,721.3,731.66,721.3,731.59,17.959999,17.959999,16.75,16.879999,000,16.879999
2014-07-15,723.32,723.32,716.05,720.34,18.10,18.559999,17.809999,17.959999,000,17.959999
2014-07-14,717.96,724.31,717.96,723.51,17.719999,18.18,17.280001,18.10,000,18.10
2014-07-11,721.73,722.0,715.6,717.24,16.59,18.07,16.26,17.26,000,17.26
2014-07-10,729.34,729.34,719.41,722.76,16.360001,17.02,16.360001,16.459999,000,16.459999
2014-07-09,725.62,730.22,725.59,729.69,16.309999,16.65,16.299999,16.360001,000,16.360001
2014-07-08,725.72,726.9,723.04,725.08,16.360001,16.440001,16.200001,16.309999,000,16.309999
2014-07-07,729.33,729.33,724.71,726.23,16.200001,16.40,16.049999,16.360001,000,16.360001
2014-07-03,727.93,731.45,726.92,730.37,15.87,15.87,15.42,15.59,000,15.59
2014-07-02,728.26,729.65,725.91,727.53,16.40,16.51,15.81,15.87,000,15.87
2014-07-01,728.0,731.24,726.53,728.34,16.52,16.790001,16.23,16.24,000,16.24
2014-06-30,727.59,728.63,724.35,727.63,16.440001,17.25,16.440001,16.52,000,16.52
2014-06-27,727.26,728.05,723.59,727.52,16.969999,16.969999,16.440001,16.440001,000,16.440001
2014-06-26,727.1,728.22,721.22,727.87,17.700001,17.700001,16.790001,16.969999,000,16.969999
2014-06-25,722.35,727.66,718.7,727.3,17.93,17.950001,17.43,17.700001,000,17.700001
2014-06-24,736.84,737.04,721.38,722.5,18.049999,18.049999,17.690001,17.93,000,17.93
2014-06-23,734.51,738.71,734.51,737.09,18.76,18.76,18.02,18.049999,000,18.049999
2014-06-20,727.23,734.68,727.02,734.16,18.049999,19.23,18.049999,18.84,000,18.84
2014-06-19,722.84,727.23,721.14,727.23,17.280001,18.059999,16.82,18.049999,000,18.049999
2014-06-18,717.44,723.13,715.57,722.75,18.08,18.35,16.98,17.280001,000,17.280001
2014-06-17,718.36,718.36,713.1,717.34,19.040001,19.040001,17.17,17.40,000,17.40
2014-06-16,714.83,720.0,714.01,718.56,20.27,20.290001,19.43,19.52,000,19.52
2014-06-13,708.13,714.83,706.02,714.83,19.17,20.02,19.110001,19.469999,000,19.469999
2014-06-12,705.94,712.33,705.94,707.69,14.67,19.17,14.67,19.17,000,19.17
2014-06-11,702.17,706.5,700.22,705.42,14.92,14.95,14.67,14.67,000,14.67
2014-06-10,703.97,704.34,701.41,703.14,14.87,15.06,14.74,14.74,000,14.74
2014-06-09,703.13,707.14,702.1,703.85,14.80,14.87,14.62,14.67,000,14.67
2014-06-06,697.72,703.63,697.72,703.13,15.14,15.14,14.25,14.50,000,14.50
2014-06-05,693.29,698.11,691.49,697.36,15.38,15.44,15.07,15.14,000,15.14
2014-06-04,693.27,694.08,691.01,693.16,15.54,15.55,14.92,15.41,000,15.41
2014-06-03,691.6,694.83,690.57,694.1,15.87,15.97,15.48,15.53,000,15.53
2014-06-02,693.81,695.1,690.52,691.8,16.290001,16.290001,15.49,15.52,000,15.52
2014-05-30,693.74,693.93,690.09,693.46,16.040001,16.049999,15.61,15.61,000,15.61
2014-05-29,689.7,694.46,688.6,694.26,16.25,16.290001,15.51,15.55,000,15.55
2014-05-28,688.98,691.68,687.48,689.28,16.360001,16.620001,15.98,16.02,000,16.02
2014-05-27,688.29,690.04,686.02,688.47,16.74,16.74,16.10,16.10,000,16.10
2014-05-23,687.99,690.48,686.64,686.9,16.18,16.280001,15.67,15.89,000,15.89
2014-05-22,688.89,691.1,687.34,687.75,16.379999,16.40,15.70,16.049999,000,16.049999
2014-05-21,682.5,689.72,682.5,688.88,16.23,17.030001,16.200001,16.379999,000,16.379999
2014-05-20,682.85,684.48,680.47,681.49,15.90,16.639999,15.90,16.200001,000,16.200001
2014-05-19,680.85,684.76,680.17,683.14,15.42,16.01,15.42,15.90,000,15.90
2014-05-16,683.02,683.02,678.76,681.13,15.94,15.95,14.88,15.42,000,15.42
2014-05-15,691.55,691.55,678.53,683.03,16.719999,16.83,15.94,15.94,000,15.94
2014-05-14,691.85,694.1,691.18,692.09,16.610001,17.040001,16.35,16.719999,000,16.719999
2014-05-13,690.15,692.51,689.77,691.8,16.65,17.309999,16.65,16.860001,000,16.860001
2014-05-12,686.27,689.84,686.07,689.56,17.360001,17.360001,16.559999,16.65,000,16.65
2014-05-09,686.76,687.45,682.66,685.35,17.610001,17.620001,16.59,17.00,000,17.00
2014-05-08,695.18,695.66,685.89,686.57,17.709999,17.870001,17.290001,17.49,000,17.49
2014-05-07,691.49,696.53,689.69,695.51,18.139999,18.18,17.52,17.709999,000,17.709999
2014-05-06,689.23,693.37,688.63,690.2,18.549999,18.549999,17.879999,17.959999,000,17.959999
2014-05-05,685.25,690.46,682.54,689.2,18.73,18.809999,18.32,18.549999,000,18.549999
2014-05-02,683.84,690.68,681.98,686.03,18.379999,18.379999,17.74,17.799999,000,17.799999
2014-05-01,686.47,686.48,682.34,683.84,19.370001,19.370001,18.440001,18.440001,000,18.440001
2014-04-30,685.89,686.7,681.43,686.29,19.190001,20.41,19.18,19.370001,000,19.370001
2014-04-29,683.79,692.35,683.79,686.34,19.57,19.59,19.07,19.190001,000,19.190001
2014-04-28,682.1,685.13,677.96,683.45,19.51,19.549999,19.129999,19.139999,000,19.139999
2014-04-25,684.26,685.28,679.85,681.62,18.360001,19.26,18.360001,18.879999,000,18.879999
2014-04-24,685.68,687.76,683.79,684.62,18.66,18.66,18.17,18.360001,000,18.360001
2014-04-23,682.04,687.01,681.96,685.28,18.809999,19.09,18.190001,18.459999,000,18.459999
2014-04-22,683.18,683.98,678.78,682.05,18.280001,19.379999,18.280001,18.809999,000,18.809999
2014-04-21,679.34,683.71,678.08,683.56,18.52,18.940001,17.67,18.280001,000,18.280001
2014-04-17,673.55,680.79,673.17,679.12,19.33,19.33,18.389999,18.93,000,18.93
2014-04-16,665.92,673.58,665.92,673.58,18.709999,20.10,18.709999,18.90,000,18.90
2014-04-15,657.32,665.63,654.89,665.55,18.709999,18.85,18.370001,18.709999,000,18.709999
2014-04-14,649.57,658.56,649.57,657.31,18.389999,19.110001,18.389999,18.709999,000,18.709999
2014-04-11,649.62,652.55,648.15,648.8,19.059999,19.18,18.290001,18.389999,000,18.389999
2014-04-10,657.26,660.59,649.23,650.25,18.549999,18.92,18.530001,18.719999,000,18.719999
2014-04-09,656.31,659.32,652.59,659.03,19.049999,20.42,18.48,18.549999,000,18.549999
2014-04-08,650.23,657.2,650.23,655.87,18.639999,19.27,18.34,18.889999,000,18.889999
2014-04-07,658.98,658.98,649.94,649.98,18.280001,19.059999,18.280001,18.639999,000,18.639999
2014-04-04,663.25,667.52,658.61,659.5,18.389999,18.85,18.26,18.280001,000,18.280001
2014-04-03,658.84,664.51,658.5,662.19,19.790001,19.790001,18.450001,18.450001,000,18.450001
2014-04-02,656.23,659.33,654.77,658.47,20.190001,20.299999,19.620001,19.790001,000,19.790001
2014-04-01,653.21,656.4,653.1,656.38,19.26,19.65,18.700001,19.610001,000,19.610001
2014-03-31,653.73,656.93,651.39,652.9,19.75,19.84,19.26,19.26,000,19.26
2014-03-28,645.6,654.15,645.6,652.98,19.280001,19.639999,19.059999,19.15,000,19.15
2014-03-27,639.68,646.21,637.99,645.0,19.43,19.559999,19.17,19.280001,000,19.280001
2014-03-26,642.13,645.75,638.94,639.49,19.370001,19.389999,18.969999,19.17,000,19.17
2014-03-25,636.89,642.43,636.89,641.55,19.52,20.23,19.190001,19.190001,000,19.190001
2014-03-24,637.29,641.62,635.31,636.21,19.459999,20.08,19.309999,19.52,000,19.52
2014-03-21,635.32,641.95,635.32,636.96,19.690001,19.690001,19.27,19.459999,000,19.459999
2014-03-20,631.72,636.12,627.72,635.32,19.969999,19.969999,18.66,19.690001,000,19.690001
2014-03-19,637.74,638.29,628.79,632.13,20.25,20.950001,19.68,19.879999,000,19.879999
2014-03-18,633.33,639.7,633.1,637.94,20.27,20.299999,19.690001,20.25,000,20.25
2014-03-17,629.42,633.93,629.42,633.01,21.700001,21.709999,20.290001,20.34,000,20.34
2014-03-14,628.0,631.07,627.35,628.98,21.030001,21.75,20.82,21.700001,000,21.700001
2014-03-13,634.47,635.23,626.24,628.11,20.90,21.120001,20.389999,20.83,000,20.83
2014-03-12,633.05,635.94,629.66,634.28,20.67,22.030001,20.67,20.90,000,20.90
2014-03-11,641.32,642.07,632.21,633.99,20.33,20.809999,19.969999,20.67,000,20.67
2014-03-10,639.92,641.71,636.09,641.48,21.620001,21.620001,20.26,20.33,000,20.33
2014-03-07,638.12,641.08,637.27,640.16,19.51,20.26,19.34,20.01,000,20.01
2014-03-06,634.36,638.19,633.88,637.61,20.290001,20.790001,19.84,19.959999,000,19.959999
2014-03-05,640.8,641.02,632.58,634.07,19.879999,20.290001,19.469999,20.290001,000,20.290001
2014-03-04,635.16,643.07,635.16,640.96,21.049999,21.059999,19.860001,19.879999,000,19.879999
2014-03-03,637.94,641.04,631.91,634.51,18.709999,21.00,18.709999,20.90,000,20.90
2014-02-28,635.48,641.16,635.05,638.36,18.809999,18.959999,18.360001,18.709999,000,18.709999
2014-02-27,635.22,636.57,631.6,635.29,19.07,19.07,18.639999,18.809999,000,18.809999
2014-02-26,639.37,640.62,633.6,635.36,18.469999,18.67,18.290001,18.48,000,18.48
2014-02-25,639.17,640.75,634.61,639.27,18.16,19.620001,18.16,18.469999,000,18.469999
2014-02-24,630.66,644.58,630.66,639.36,18.24,18.25,17.799999,18.16,000,18.16
2014-02-21,634.24,634.35,629.76,629.81,17.799999,18.10,17.50,17.90,000,17.90
2014-02-20,628.95,635.54,628.89,634.22,18.549999,18.549999,17.559999,17.59,000,17.59
2014-02-19,628.4,636.33,628.4,629.42,18.59,18.74,18.17,18.35,000,18.35
2014-02-18,627.36,630.43,626.22,629.11,17.67,18.43,17.33,18.43,000,18.43
2014-02-14,618.39,628.46,618.34,627.11,19.00,19.219999,17.90,17.950001,000,17.950001
2014-02-13,614.77,619.57,610.92,618.12,19.49,19.49,18.870001,19.00,000,19.00
2014-02-12,618.52,620.25,615.29,615.76,19.049999,19.40,18.959999,19.23,000,19.23
2014-02-11,609.55,619.61,609.55,618.04,19.18,19.290001,18.91,19.049999,000,19.049999
2014-02-10,612.98,612.98,607.46,609.35,19.030001,19.67,19.030001,19.18,000,19.18
2014-02-07,607.27,613.64,606.5,613.21,18.92,19.030001,18.41,19.030001,000,19.030001
2014-02-06,599.39,607.57,599.39,606.57,20.65,20.65,19.629999,19.65,000,19.65
2014-02-05,603.66,603.66,597.91,598.77,21.40,21.40,20.33,20.65,000,20.65
2014-02-04,599.98,605.69,599.98,603.98,21.65,21.77,21.27,21.469999,000,21.469999
2014-02-03,610.56,612.14,598.48,599.58,20.35,22.049999,20.35,21.65,000,21.65
2014-01-31,619.03,619.03,608.08,610.44,19.76,20.360001,19.42,20.35,000,20.35
2014-01-30,619.01,622.44,615.79,619.63,20.299999,20.379999,19.610001,19.76,000,19.76
2014-01-29,621.06,622.91,614.09,618.66,21.49,21.530001,19.950001,20.809999,000,20.809999
2014-01-28,617.74,623.1,617.58,622.35,20.290001,20.84,20.00,20.83,000,20.83
2014-01-27,619.57,622.13,614.31,617.54,19.76,21.09,19.700001,20.889999,000,20.889999
2014-01-24,631.74,631.74,619.65,619.65,18.790001,19.51,18.50,19.459999,000,19.459999
2014-01-23,638.96,638.96,629.58,632.71,18.17,18.84,17.959999,18.790001,000,18.790001
2014-01-22,638.49,641.06,636.84,639.89,18.26,18.34,17.379999,18.17,000,18.17
2014-01-21,633.8,639.63,633.34,637.84,17.120001,18.809999,17.120001,18.26,000,18.26
2014-01-17,634.96,640.4,633.5,634.62,17.91,17.91,16.940001,17.120001,000,17.120001
2014-01-16,634.4,635.0,630.38,634.96,18.65,18.889999,17.889999,17.91,000,17.91
2014-01-15,636.8,637.07,633.75,634.47,19.809999,19.809999,18.40,18.700001,000,18.700001
2014-01-14,630.37,636.6,630.37,636.5,19.91,19.959999,19.360001,19.809999,000,19.809999
2014-01-13,641.51,641.51,628.79,629.63,19.940001,20.309999,19.34,19.75,000,19.75
2014-01-10,641.17,642.03,637.23,641.83,19.51,19.66,19.01,19.469999,000,19.469999
2014-01-09,643.83,644.0,636.09,640.88,19.700001,20.24,19.51,19.51,000,19.51
2014-01-08,647.53,647.53,640.78,643.24,19.799999,20.209999,19.59,20.17,000,20.17
2014-01-07,642.2,647.82,640.99,647.66,20.76,20.82,19.58,19.67,000,19.67
2014-01-06,642.07,644.17,638.9,641.93,20.60,21.34,20.60,20.700001,000,20.700001
2014-01-03,643.89,646.27,639.91,641.53,20.15,20.879999,19.74,20.60,000,20.60
2014-01-02,651.23,651.23,640.87,643.16,19.10,20.469999,19.040001,20.24,000,20.24
2013-12-31,646.51,652.46,645.77,651.67,16.530001,17.870001,16.530001,17.76,000,17.76
2013-12-30,651.46,652.08,645.77,645.77,15.74,16.530001,15.63,16.530001,000,16.530001
2013-12-27,648.01,651.78,648.01,650.97,15.20,15.76,14.12,15.74,000,15.74
2013-12-26,642.85,648.37,642.85,647.83,15.26,16.530001,15.16,15.20,000,15.20
2013-12-24,638.47,642.75,638.47,642.32,15.42,15.42,15.17,15.26,000,15.26
2013-12-23,638.66,642.61,637.82,638.26,15.86,16.26,15.42,15.42,000,15.42
2013-12-20,637.27,640.26,636.77,638.04,16.700001,16.700001,15.64,15.86,000,15.86
2013-12-19,635.53,637.7,632.83,637.23,17.26,17.26,16.120001,16.700001,000,16.700001
2013-12-18,625.58,636.63,623.04,635.81,17.549999,18.360001,16.700001,17.26,000,17.26
2013-12-17,629.21,629.25,623.55,625.48,17.58,17.860001,17.200001,17.700001,000,17.700001
2013-12-16,623.53,631.99,623.53,629.28,18.42,18.42,17.25,17.49,000,17.49
2013-12-13,625.14,625.14,620.68,623.3,18.43,18.620001,18.18,18.42,000,18.42
2013-12-12,623.02,628.44,621.4,625.69,17.98,18.25,17.60,18.190001,000,18.190001
2013-12-11,631.55,631.58,621.59,622.73,17.950001,18.24,17.23,17.98,000,17.98
2013-12-10,633.76,634.9,630.9,631.75,18.10,18.309999,17.940001,17.950001,000,17.950001
2013-12-09,632.94,635.85,631.56,633.49,18.17,18.299999,18.030001,18.10,000,18.10
2013-12-06,630.15,635.46,630.15,632.93,18.59,18.59,17.709999,17.950001,000,17.950001
2013-12-05,631.95,632.8,628.76,629.61,19.059999,19.10,18.42,18.59,000,18.59
2013-12-04,634.8,635.76,628.06,632.34,19.58,20.879999,18.41,19.059999,000,19.059999
2013-12-03,632.45,636.06,630.24,635.05,20.280001,20.280001,19.309999,19.49,000,19.49
2013-12-02,632.44,637.1,629.81,632.96,20.00,20.68,20.00,20.280001,000,20.280001
2013-11-29,633.78,638.04,631.64,632.66,19.620001,20.02,19.610001,20.00,000,20.00
2013-11-27,637.61,639.0,630.8,633.67,19.459999,20.02,18.50,19.620001,000,19.620001
2013-11-26,639.8,641.98,636.12,638.17,19.23,19.34,18.459999,18.639999,000,18.639999
2013-11-25,645.61,645.61,638.42,640.37,19.809999,19.809999,19.200001,19.23,000,19.23
2013-11-22,642.45,645.83,639.21,645.71,18.690001,18.940001,18.09,18.10,000,18.10
2013-11-21,637.23,643.33,637.23,642.13,19.26,19.360001,18.50,18.690001,000,18.690001
2013-11-20,639.22,642.88,635.19,636.82,19.83,19.959999,19.41,19.870001,000,19.870001
2013-11-19,637.43,640.66,633.94,638.71,19.49,20.110001,19.49,19.83,000,19.83
2013-11-18,643.54,644.03,635.84,637.59,19.389999,20.209999,19.389999,19.709999,000,19.709999
2013-11-15,637.14,641.59,636.6,641.56,19.92,19.92,19.129999,19.389999,000,19.389999
2013-11-14,633.77,637.5,633.03,637.11,19.629999,20.48,19.629999,19.92,000,19.92
2013-11-13,628.3,633.83,626.68,633.7,20.01,20.190001,19.370001,19.629999,000,19.629999
2013-11-12,634.56,634.84,627.92,629.63,19.60,20.450001,18.809999,20.32,000,20.32
2013-11-11,634.08,636.83,633.36,635.12,20.190001,20.33,19.59,19.690001,000,19.690001
2013-11-08,625.3,634.2,625.04,634.08,20.790001,20.790001,19.459999,19.700001,000,19.700001
2013-11-07,634.93,635.85,623.56,625.19,20.98,21.309999,20.65,20.790001,000,20.790001
2013-11-06,631.49,637.59,631.49,634.64,22.18,22.18,20.709999,20.98,000,20.98
2013-11-05,635.16,635.16,630.56,630.9,21.91,22.200001,21.700001,22.18,000,22.18
2013-11-04,628.5,636.44,628.5,635.79,21.99,22.08,21.459999,21.74,000,21.74
2013-11-01,629.7,630.02,620.67,627.55,20.59,21.389999,20.59,21.290001,000,21.290001
2013-10-31,631.92,635.66,628.25,629.49,20.950001,20.950001,20.040001,20.59,000,20.59
2013-10-30,634.9,637.06,626.83,630.89,21.219999,21.41,13.93,20.950001,000,20.950001
2013-10-29,631.15,634.93,631.15,634.86,20.57,20.940001,20.43,20.639999,000,20.639999
2013-10-28,629.98,632.01,627.33,630.71,20.280001,21.18,20.280001,20.57,000,20.57
2013-10-25,627.57,631.44,626.31,629.82,21.879999,21.879999,20.200001,20.280001,000,20.280001
2013-10-24,623.85,628.28,621.62,627.24,23.280001,23.620001,21.83,21.879999,000,21.879999
2013-10-23,631.7,631.7,621.72,623.6,21.620001,23.799999,21.620001,23.280001,000,23.280001
2013-10-22,628.14,634.73,628.14,632.11,20.91,21.879999,20.73,21.620001,000,21.620001
2013-10-21,630.44,632.21,626.48,627.86,21.209999,21.389999,20.74,20.91,000,20.91
2013-10-18,624.92,630.28,624.92,630.27,20.610001,20.610001,19.870001,20.120001,000,20.120001
2013-10-17,623.14,624.84,621.21,624.83,21.540001,21.719999,20.969999,21.219999,000,21.219999
2013-10-16,615.79,624.96,615.79,623.49,23.52,23.709999,21.719999,21.73,000,21.73
2013-10-15,616.95,619.17,613.52,615.08,22.52,23.52,22.280001,23.52,000,23.52
2013-10-14,613.21,618.41,609.39,617.74,21.549999,23.110001,21.549999,22.52,000,22.52
2013-10-11,607.06,615.18,604.74,613.92,21.99,22.26,21.530001,21.549999,000,21.549999
2013-10-10,597.5,607.65,597.5,607.65,23.07,23.07,21.280001,21.389999,000,21.389999
2013-10-09,599.27,600.05,593.83,597.37,21.950001,23.57,21.950001,23.24,000,23.24
2013-10-08,605.36,606.58,599.19,599.32,22.01,22.16,21.51,21.950001,000,21.950001
2013-10-07,608.76,608.98,603.43,605.45,22.91,23.10,21.809999,22.01,000,22.01
2013-10-04,604.77,611.23,603.1,609.76,21.620001,21.83,21.27,21.49,000,21.49
2013-10-03,609.31,609.31,601.8,604.6,21.52,21.860001,21.139999,21.620001,000,21.620001
2013-10-02,607.46,610.19,602.81,609.72,22.43,22.57,21.32,21.52,000,21.52
2013-10-01,604.57,609.7,603.8,608.14,22.98,23.57,22.50,22.57,000,22.57
2013-09-30,609.56,609.56,601.77,604.86,23.42,23.450001,22.719999,22.98,000,22.98
2013-09-27,611.24,611.24,607.9,609.94,22.00,22.00,21.40,21.84,000,21.84
2013-09-26,611.84,613.66,609.45,611.83,21.940001,21.99,21.700001,21.77,000,21.77
2013-09-25,612.65,614.7,611.38,611.45,22.50,22.610001,21.299999,22.32,000,22.32
2013-09-24,611.12,616.17,609.92,611.76,22.27,23.190001,22.27,22.50,000,22.50
2013-09-23,613.77,614.69,610.45,611.53,23.18,23.18,22.200001,22.27,000,22.27
2013-09-20,619.4,621.31,613.66,614.58,21.66,21.66,21.030001,21.379999,000,21.379999
2013-09-19,621.05,623.08,618.37,619.42,22.809999,22.809999,20.790001,21.51,000,21.51
2013-09-18,613.43,623.03,611.59,620.75,23.17,26.42,21.879999,22.809999,000,22.809999
2013-09-17,610.87,615.22,610.87,613.31,23.190001,23.34,22.620001,23.17,000,23.17
2013-09-16,611.64,614.66,609.91,610.72,23.18,23.99,22.48,23.030001,000,23.030001
2013-09-13,610.54,613.13,609.61,610.62,23.83,23.84,23.030001,23.18,000,23.18
2013-09-12,613.84,614.14,609.93,610.33,24.32,24.32,23.09,23.57,000,23.57
2013-09-11,609.95,613.98,607.34,613.98,26.639999,26.639999,24.280001,24.32,000,24.32
2013-09-10,609.26,609.5,604.47,609.37,28.299999,28.49,26.90,27.120001,000,27.120001
2013-09-09,603.59,610.0,603.59,609.27,28.93,29.049999,27.85,27.93,000,27.93
2013-09-06,603.51,607.19,598.87,603.11,27.440001,28.34,27.10,28.10,000,28.10
2013-09-05,601.92,605.45,601.92,602.98,28.73,29.540001,27.40,27.440001,000,27.440001
2013-09-04,598.01,603.34,596.37,601.48,30.139999,30.139999,28.690001,28.73,000,28.73
2013-09-03,597.07,601.62,595.44,598.33,28.10,29.49,27.74,29.41,000,29.41
2013-08-30,595.11,597.51,593.0,594.84,27.41,28.57,26.98,28.10,000,28.10
2013-08-29,600.25,600.25,594.12,594.99,29.790001,29.790001,26.809999,27.41,000,27.41
2013-08-28,592.1,603.34,592.1,601.53,27.190001,31.40,27.190001,29.790001,000,29.790001
2013-08-27,593.97,595.29,590.85,591.05,23.43,27.639999,23.43,27.190001,000,27.190001
2013-08-26,596.65,599.34,593.53,594.64,23.73,23.790001,22.99,23.43,000,23.43
2013-08-23,592.08,596.82,590.22,596.12,23.26,23.26,22.559999,22.700001,000,22.700001
2013-08-22,584.56,593.76,584.56,591.73,24.209999,24.24,23.059999,23.26,000,23.26
2013-08-21,586.51,588.97,583.08,583.87,24.18,24.950001,24.129999,24.33,000,24.33
2013-08-20,584.6,590.39,584.01,587.04,23.870001,24.49,23.459999,24.18,000,24.18
2013-08-19,592.88,592.88,583.93,584.37,23.99,24.379999,23.360001,23.48,000,23.48
2013-08-16,595.62,595.78,591.18,593.49,24.049999,24.139999,23.559999,23.99,000,23.99
2013-08-15,598.89,598.89,593.77,595.94,22.940001,24.209999,22.639999,24.15,000,24.15
2013-08-14,602.25,603.36,599.5,599.92,23.27,23.34,22.35,23.15,000,23.15
2013-08-13,601.51,603.92,599.08,602.34,22.32,22.75,22.10,22.629999,000,22.629999
2013-08-12,603.16,603.64,599.92,601.33,22.639999,23.389999,22.370001,22.68,000,22.68
2013-08-09,607.4,607.54,601.55,604.56,22.379999,22.68,22.030001,22.639999,000,22.639999
2013-08-08,604.86,608.53,602.72,607.54,22.57,22.809999,22.24,22.25,000,22.25
2013-08-07,605.68,606.14,602.13,604.15,22.959999,23.90,22.26,22.559999,000,22.559999
2013-08-06,608.89,610.7,604.83,606.25,22.91,22.969999,22.469999,22.639999,000,22.639999
2013-08-05,610.48,610.48,606.32,609.26,22.26,23.50,22.26,22.870001,000,22.870001
2013-08-02,612.98,612.98,607.37,610.96,22.48,22.629999,22.25,22.26,000,22.26
2013-08-01,607.94,614.72,607.58,614.56,22.950001,23.34,22.26,22.280001,000,22.280001
2013-07-31,606.23,611.85,606.23,607.46,23.48,24.219999,22.799999,22.950001,000,22.950001
2013-07-30,607.85,608.94,602.76,605.65,23.129999,23.49,22.879999,23.48,000,23.48
2013-07-29,611.45,611.45,605.24,607.37,22.98,23.84,22.74,22.790001,000,22.790001
2013-07-26,613.77,613.77,607.55,612.55,23.709999,23.709999,22.82,22.98,000,22.98
2013-07-25,610.64,615.09,608.76,614.24,24.02,24.549999,23.290001,23.370001,000,23.370001
2013-07-24,617.1,617.28,607.99,611.06,24.24,24.450001,22.950001,23.77,000,23.77
2013-07-23,616.35,618.84,616.26,616.96,24.700001,24.73,23.389999,23.629999,000,23.629999
2013-07-22,617.21,618.17,615.42,615.76,24.799999,25.18,24.219999,24.23,000,24.23
2013-07-19,609.46,617.34,609.1,617.28,24.190001,24.59,23.85,24.08,000,24.08
2013-07-18,603.72,610.65,603.72,609.03,23.459999,23.459999,22.450001,23.049999,000,23.049999
2013-07-17,601.41,604.92,601.41,603.36,24.629999,25.25,22.370001,23.299999,000,23.299999
2013-07-16,604.27,605.32,597.18,600.67,23.690001,24.50,23.549999,24.50,000,24.50
2013-07-15,604.22,605.42,602.86,604.05,24.51,24.74,23.59,23.719999,000,23.719999
2013-07-12,601.86,604.5,599.94,604.48,24.58,24.620001,23.530001,24.51,000,24.51
2013-07-11,596.8,603.27,596.8,602.11,26.219999,26.219999,24.25,24.58,000,24.58
2013-07-10,600.42,601.56,595.55,596.56,26.02,27.200001,20.50,26.219999,000,26.219999
2013-07-09,594.66,600.35,594.66,600.05,25.370001,25.389999,24.379999,25.219999,000,25.219999
2013-07-08,590.83,596.94,590.83,593.72,26.90,26.90,25.299999,25.370001,000,25.370001
2013-07-05,583.97,590.05,581.93,589.59,25.67,27.02,25.65,26.74,000,26.74
2013-07-03,582.47,583.75,578.35,583.21,22.629999,25.860001,22.629999,25.700001,000,25.700001
2013-07-02,581.76,587.57,580.29,583.06,22.18,23.049999,21.83,22.629999,000,22.629999
2013-07-01,579.61,586.48,579.61,581.76,22.370001,23.09,22.09,22.18,000,22.18
2013-06-28,579.38,582.08,576.05,578.54,22.93,23.27,22.370001,22.370001,000,22.370001
2013-06-27,579.46,584.7,579.46,579.78,22.82,23.299999,21.940001,23.17,000,23.17
2013-06-26,574.78,579.81,573.46,578.5,23.74,24.209999,22.26,22.82,000,22.82
2013-06-25,569.99,576.57,569.99,574.49,24.32,24.32,23.469999,23.629999,000,23.629999
2013-06-24,576.57,576.57,562.11,568.18,23.68,25.77,23.68,24.32,000,24.32
2013-06-21,575.13,580.47,570.48,576.99,25.90,25.90,23.559999,23.68,000,23.68
2013-06-20,591.0,591.0,573.43,575.13,19.98,26.10,19.98,25.90,000,25.90
2013-06-19,597.34,599.93,591.24,591.24,20.639999,22.280001,19.98,19.98,000,19.98
2013-06-18,593.89,598.62,593.53,597.23,21.040001,21.450001,20.639999,20.639999,000,20.639999
2013-06-17,587.28,595.32,587.28,593.84,21.48,21.48,20.66,21.040001,000,21.040001
2013-06-14,592.18,592.59,585.34,586.24,21.469999,21.469999,20.75,21.219999,000,21.219999
2013-06-13,581.71,593.49,581.42,591.98,22.719999,23.43,21.469999,21.469999,000,21.469999
2013-06-12,586.72,592.05,580.96,581.85,21.98,24.10,21.68,22.719999,000,22.719999
2013-06-11,594.14,594.14,585.62,586.23,23.26,23.450001,21.57,21.809999,000,21.809999
2013-06-10,597.22,598.53,593.09,594.6,23.52,23.540001,21.709999,21.74,000,21.74
2013-06-07,589.96,596.71,589.78,596.22,23.889999,24.67,22.08,22.41,000,22.41
2013-06-06,585.4,589.28,580.64,589.28,24.559999,24.559999,23.690001,23.889999,000,23.889999
2013-06-05,591.63,592.48,585.09,585.45,24.639999,24.65,24.129999,24.49,000,24.49
2013-06-04,596.21,597.16,588.16,592.09,25.07,25.07,24.08,24.639999,000,24.639999
2013-06-03,591.38,596.83,590.8,596.79,24.41,25.76,24.41,24.790001,000,24.790001
2013-05-31,602.12,602.58,590.86,590.86,24.209999,25.030001,23.68,24.41,000,24.41
2013-05-30,604.01,606.08,599.53,602.87,25.42,25.49,23.74,24.209999,000,24.209999
2013-05-29,604.74,605.99,600.16,604.25,22.950001,24.35,22.709999,24.040001,000,24.040001
2013-05-28,599.79,610.15,599.79,605.39,22.57,23.23,22.57,22.950001,000,22.950001
2013-05-24,599.65,599.65,594.58,599.35,23.299999,23.57,22.51,22.57,000,22.57
2013-05-23,602.1,602.68,593.95,601.43,25.77,26.379999,23.25,23.299999,000,23.299999
2013-05-22,610.03,614.69,599.98,602.63,23.92,24.58,22.91,24.450001,000,24.450001
2013-05-21,610.53,614.51,608.18,610.14,23.719999,24.200001,23.110001,23.110001,000,23.110001
2013-05-20,602.5,611.38,602.24,610.38,24.41,24.41,22.83,23.440001,000,23.440001
2013-05-17,593.54,602.76,593.54,602.63,24.35,24.700001,22.65,22.82,000,22.82
2013-05-16,595.49,597.74,592.2,593.27,24.77,24.809999,23.58,24.389999,000,24.389999
2013-05-15,598.23,598.23,591.65,596.44,24.120001,27.10,21.35,24.48,000,24.48
2013-05-14,591.11,598.82,591.11,598.67,24.25,24.620001,23.16,24.120001,000,24.120001
2013-05-13,590.33,591.06,587.55,591.06,23.68,23.92,23.24,23.66,000,23.66
2013-05-10,593.48,593.48,586.6,591.2,24.860001,25.299999,22.67,22.83,000,22.83
2013-05-09,595.42,596.64,591.29,593.95,22.91,23.790001,22.860001,23.24,000,23.24
2013-05-08,594.08,596.03,592.26,595.6,24.379999,24.379999,22.40,22.639999,000,22.639999
2013-05-07,590.81,596.15,590.44,594.33,25.16,25.25,24.25,24.379999,000,24.379999
2013-05-06,587.26,592.29,587.19,590.35,24.01,25.16,24.01,25.16,000,25.16
2013-05-03,577.33,588.05,577.33,587.07,24.129999,24.18,23.690001,24.01,000,24.01
2013-05-02,569.91,577.85,569.7,576.68,26.68,26.68,23.73,24.49,000,24.49
2013-05-01,578.54,578.54,569.01,569.36,27.52,28.41,25.50,26.68,000,26.68
2013-04-30,575.74,578.84,571.65,578.84,23.440001,24.65,23.440001,24.57,000,24.57
2013-04-29,571.08,578.01,571.08,575.94,22.51,23.52,22.51,23.440001,000,23.440001
2013-04-26,570.35,571.62,566.56,570.34,22.68,22.969999,22.059999,22.51,000,22.51
2013-04-25,571.69,576.96,568.36,570.45,23.26,23.75,19.51,22.68,000,22.68
2013-04-24,565.6,573.69,565.6,571.3,24.43,24.43,22.540001,23.26,000,23.26
2013-04-23,558.62,565.1,558.05,564.69,25.07,25.93,24.379999,24.43,000,24.43
2013-04-22,553.24,560.09,550.97,558.32,27.90,27.959999,25.030001,25.07,000,25.07
2013-04-19,553.36,557.93,549.37,552.56,28.530001,28.530001,26.10,27.57,000,27.57
2013-04-18,549.38,555.95,545.52,552.73,31.139999,32.07,28.209999,28.530001,000,28.530001
2013-04-17,559.27,559.27,544.56,548.87,27.32,32.419998,27.32,31.139999,000,31.139999
2013-04-16,554.68,560.51,552.97,559.74,29.84,29.84,27.280001,27.32,000,27.32
2013-04-15,575.72,575.72,553.66,553.79,22.59,30.139999,22.59,29.84,000,29.84
2013-04-12,583.32,583.32,572.69,576.11,23.219999,23.85,21.950001,22.59,000,22.59
2013-04-11,582.11,585.7,579.92,583.87,20.549999,21.360001,20.190001,21.200001,000,21.200001
2013-04-10,578.84,583.16,578.27,581.22,20.639999,21.120001,19.58,20.549999,000,20.549999
2013-04-09,574.38,580.54,572.76,578.31,21.57,21.65,20.52,20.639999,000,20.639999
2013-04-08,571.37,574.06,569.21,574.0,21.389999,21.879999,21.00,21.01,000,21.01
2013-04-05,568.41,571.41,563.07,571.16,21.84,23.440001,20.98,21.389999,000,21.389999
2013-04-04,571.67,574.03,567.46,571.12,21.74,24.40,21.74,21.84,000,21.84
2013-04-03,581.19,581.67,570.02,571.78,19.10,21.77,18.549999,21.74,000,21.74
2013-04-02,583.82,585.11,579.35,581.14,19.200001,19.43,19.049999,19.33,000,19.33
2013-04-01,584.01,586.05,580.15,583.88,18.190001,19.90,18.190001,19.200001,000,19.200001
2013-03-28,585.72,587.92,583.59,583.98,17.76,18.40,17.60,18.190001,000,18.190001
2013-03-27,583.58,586.64,579.57,585.81,18.040001,18.23,17.610001,17.950001,000,17.950001
2013-03-26,579.01,584.56,579.01,584.09,18.780001,18.940001,17.65,17.809999,000,17.809999
2013-03-25,580.76,584.54,575.73,577.93,19.110001,19.67,18.92,19.08,000,19.08
2013-03-22,576.01,581.03,576.01,580.13,19.74,19.74,18.85,19.110001,000,19.110001
2013-03-21,577.63,579.66,575.07,575.41,19.58,20.07,19.17,19.74,000,19.74
2013-03-20,575.7,580.0,575.25,578.44,20.450001,20.530001,19.379999,19.58,000,19.58
2013-03-19,580.97,581.8,570.52,575.11,19.870001,21.290001,19.719999,21.139999,000,21.139999
2013-03-18,585.6,585.6,578.92,580.57,18.76,20.82,18.76,19.450001,000,19.450001
2013-03-15,586.43,587.75,583.43,585.73,18.25,18.85,17.91,18.76,000,18.76
2013-03-14,579.5,585.69,579.5,585.61,19.09,19.209999,18.209999,18.360001,000,18.360001
2013-03-13,579.85,580.85,577.76,579.07,19.280001,19.42,18.299999,19.09,000,19.09
2013-03-12,579.75,583.34,578.93,580.15,19.42,19.42,18.379999,18.77,000,18.77
2013-03-11,578.78,580.58,575.2,579.42,20.799999,20.940001,19.40,19.42,000,19.42
2013-03-08,578.08,580.05,575.56,579.21,21.219999,21.370001,20.719999,20.799999,000,20.799999
2013-03-07,575.46,577.46,573.7,576.61,22.52,22.52,21.290001,21.290001,000,21.290001
2013-03-06,575.16,577.2,572.83,575.16,22.41,23.33,22.41,22.52,000,22.52
2013-03-05,571.28,576.77,571.28,574.87,24.280001,24.280001,22.40,22.41,000,22.41
2013-03-04,571.99,571.99,565.63,570.75,23.68,24.969999,23.68,24.280001,000,24.280001
2013-03-01,572.81,573.36,567.41,572.13,24.620001,24.889999,23.67,23.68,000,23.68
2013-02-28,572.77,576.71,571.44,573.39,24.33,24.33,22.49,23.610001,000,23.610001
2013-02-27,564.09,574.1,563.65,572.96,25.90,26.299999,24.190001,24.33,000,24.33
2013-02-26,559.66,566.08,556.55,564.35,26.129999,26.440001,25.610001,25.90,000,25.90
2013-02-25,574.19,579.28,559.15,559.15,25.23,26.23,24.83,26.219999,000,26.219999
2013-02-22,568.51,573.68,567.22,573.57,27.129999,27.129999,24.540001,24.58,000,24.58
2013-02-21,571.43,571.45,564.91,568.2,24.969999,28.92,24.969999,27.129999,000,27.129999
2013-02-20,582.51,582.51,571.66,572.03,22.440001,25.50,22.07,24.969999,000,24.969999
2013-02-19,576.43,582.96,576.43,582.61,22.59,23.870001,22.440001,22.440001,000,22.440001
2013-02-15,582.15,582.3,572.95,575.96,22.41,23.059999,21.91,22.59,000,22.59
2013-02-14,578.4,583.52,575.69,582.1,20.76,20.76,19.780001,20.209999,000,20.209999
2013-02-13,578.03,579.12,577.01,579.07,19.91,21.389999,19.90,21.00,000,21.00
2013-02-12,576.49,578.65,574.35,577.85,21.49,21.57,20.450001,20.700001,000,20.700001
2013-02-11,579.17,579.17,575.55,576.04,23.08,23.530001,21.68,21.68,000,21.68
2013-02-08,574.83,579.27,574.83,579.27,22.51,23.190001,22.18,23.08,000,23.08
2013-02-07,577.58,577.58,570.66,574.53,23.389999,23.389999,22.41,23.299999,000,23.299999
2013-02-06,576.88,577.61,572.68,577.57,23.059999,24.209999,22.93,23.389999,000,23.389999
2013-02-05,573.73,579.12,573.73,577.41,23.309999,23.309999,22.93,23.059999,000,23.059999
2013-02-04,578.36,578.36,572.66,573.23,22.40,24.139999,22.40,23.959999,000,23.959999
2013-02-01,573.65,579.19,572.28,578.72,22.90,22.959999,22.110001,22.40,000,22.40
2013-01-31,576.21,576.55,572.89,573.41,22.879999,23.120001,22.450001,22.540001,000,22.540001
2013-01-30,579.65,583.48,575.83,576.47,22.969999,23.959999,22.719999,22.879999,000,22.879999
2013-01-29,571.31,580.97,571.31,580.33,22.98,23.450001,22.860001,22.969999,000,22.969999
2013-01-28,573.31,573.31,568.84,571.38,22.76,23.639999,22.719999,22.98,000,22.98
2013-01-25,568.34,573.98,568.34,573.26,21.92,22.73,21.799999,22.52,000,22.52
2013-01-24,565.91,572.0,565.91,568.31,22.75,23.02,21.139999,22.48,000,22.48
2013-01-23,567.95,568.02,564.21,565.89,21.370001,22.93,20.92,22.75,000,22.75
2013-01-22,563.07,568.06,560.78,567.98,21.98,22.219999,21.540001,21.67,000,21.67
2013-01-18,558.05,563.07,557.27,563.07,23.73,23.73,21.98,21.98,000,21.98
2013-01-17,555.47,561.53,555.47,558.03,24.389999,24.389999,23.49,23.99,000,23.99
2013-01-16,552.37,554.41,550.7,554.2,25.309999,25.51,24.17,24.389999,000,24.389999
2013-01-15,549.93,552.63,548.32,552.49,25.91,26.18,25.549999,25.700001,000,25.700001
2013-01-14,550.59,551.56,548.66,550.41,24.57,25.860001,24.52,25.719999,000,25.719999
2013-01-11,549.16,550.6,547.94,550.46,24.59,25.77,24.530001,24.57,000,24.57
2013-01-10,544.62,550.14,544.62,549.24,24.60,24.790001,24.02,24.59,000,24.59
2013-01-09,545.34,547.06,542.22,544.08,24.879999,24.879999,23.719999,24.60,000,24.60
2013-01-08,545.59,545.59,541.43,545.19,25.040001,25.040001,24.280001,24.299999,000,24.299999
2013-01-07,550.55,550.55,544.02,546.06,26.24,26.24,25.040001,25.040001,000,25.040001
2013-01-04,545.05,551.1,545.05,550.56,26.83,26.83,25.530001,26.030001,000,26.030001
2013-01-03,545.13,549.05,542.29,544.85,27.799999,27.799999,26.25,26.83,000,26.83
2013-01-02,533.41,545.44,533.41,545.39,28.57,28.59,27.780001,27.799999,000,27.799999
2012-12-31,521.83,533.16,520.07,532.96,28.879999,29.52,28.41,28.450001,000,28.450001
2012-12-28,530.89,530.89,521.66,522.03,27.860001,28.92,27.719999,28.879999,000,28.879999
2012-12-27,532.21,533.01,524.98,531.43,28.73,28.799999,28.02,28.08,000,28.08
2012-12-26,534.87,537.24,531.23,532.16,29.450001,29.549999,28.459999,28.73,000,28.73
2012-12-24,537.7,537.7,533.5,534.15,28.879999,29.139999,28.27,28.879999,000,28.879999
2012-12-21,544.35,544.35,535.07,538.03,27.610001,29.25,27.610001,28.879999,000,28.879999
2012-12-20,541.07,544.35,539.54,544.35,27.33,27.92,27.33,27.610001,000,27.610001
2012-12-19,544.99,545.84,540.41,540.42,28.120001,28.52,26.91,27.639999,000,27.639999
2012-12-18,535.76,545.8,534.89,544.76,28.950001,28.950001,27.879999,28.559999,000,28.559999
2012-12-17,531.48,536.0,531.48,535.74,29.940001,29.940001,28.40,28.950001,000,28.950001
2012-12-14,533.11,533.11,528.99,531.05,29.629999,29.629999,28.780001,29.32,000,29.32
2012-12-13,538.03,538.03,531.29,533.45,29.43,29.67,28.66,29.629999,000,29.629999
2012-12-12,536.64,543.17,536.51,538.22,29.940001,30.17,29.110001,29.129999,000,29.129999
2012-12-11,533.52,538.28,533.52,536.09,30.32,30.379999,29.93,29.940001,000,29.940001
2012-12-10,533.75,535.47,532.08,533.16,30.059999,30.59,29.959999,30.32,000,30.32
2012-12-07,530.86,533.8,529.51,533.69,29.59,29.799999,29.450001,29.65,000,29.65
2012-12-06,528.36,530.29,526.56,530.23,29.129999,30.26,29.129999,29.889999,000,29.889999
2012-12-05,525.27,531.54,525.24,528.62,28.84,29.370001,28.52,29.129999,000,29.129999
2012-12-04,526.71,529.32,524.88,524.95,28.389999,28.969999,28.389999,28.84,000,28.84
2012-12-03,530.57,533.87,526.22,526.97,29.379999,29.379999,27.719999,28.389999,000,28.389999
2012-11-30,530.29,532.56,528.1,530.21,28.280001,28.280001,27.559999,27.620001,000,27.620001
2012-11-29,530.6,534.42,528.65,530.38,28.690001,28.690001,28.120001,28.280001,000,28.280001
2012-11-28,523.85,530.12,518.21,529.88,28.65,30.17,28.65,28.690001,000,28.690001
2012-11-27,528.94,529.6,523.58,524.2,29.379999,29.379999,28.370001,28.65,000,28.65
2012-11-26,532.56,532.56,525.55,529.21,29.49,29.91,29.34,29.379999,000,29.379999
2012-11-23,527.05,533.6,527.05,533.58,29.49,29.51,28.93,29.49,000,29.49
2012-11-21,524.01,526.79,523.29,526.61,29.83,30.10,28.709999,29.49,000,29.49
2012-11-20,525.33,526.16,520.06,523.72,30.870001,30.90,29.809999,29.83,000,29.83
2012-11-19,516.01,526.34,516.01,525.8,31.10,31.85,30.90,30.969999,000,30.969999
2012-11-16,512.5,515.21,506.16,514.35,30.540001,31.76,30.540001,31.10,000,31.10
2012-11-15,512.0,516.76,509.17,512.49,31.50,31.50,29.99,30.540001,000,30.540001
2012-11-14,518.67,520.48,511.02,511.96,31.27,31.549999,30.030001,31.50,000,31.50
2012-11-13,519.51,525.73,517.05,518.57,31.639999,31.82,30.68,31.27,000,31.27
2012-11-12,521.18,522.95,519.6,521.54,31.540001,31.540001,29.60,30.00,000,30.00
2012-11-09,520.27,526.2,517.79,520.82,33.169998,33.220001,31.469999,31.540001,000,31.540001
2012-11-08,529.43,531.39,520.7,520.71,33.18,33.84,32.939999,33.509998,000,33.509998
2012-11-07,543.66,543.66,526.66,529.44,32.02,34.240002,32.02,33.98,000,33.98
2012-11-06,538.9,547.9,538.9,546.16,31.52,32.02,30.879999,32.02,000,32.02
2012-11-05,533.71,538.64,532.66,537.74,32.650002,32.650002,32.060001,32.099998,000,32.099998
2012-11-02,543.04,545.64,532.24,533.87,31.139999,32.419998,31.129999,32.419998,000,32.419998
2012-11-01,540.08,543.47,537.72,543.14,31.940001,32.099998,31.25,31.290001,000,31.290001
2012-10-31,540.92,544.25,536.12,539.94,32.610001,32.610001,31.84,32.18,000,32.18
